file_name,url,inference_transcript,audio_duration,group_id,state,id
STT_AM_AB1684_0001_2910_to_5310,https://monlam-ai-stt.s3.amazonaws.com/STT_AM_AB1684_0001_2910_to_5310.wav,ཕར་ཆེ་བའི་ཀོི་ཁྲིད་དང་འབྲེལ་དགོངས་ཚུལ།  ,2.4,1,transcribing,3418256
STT_AM_AB1684_0002_5502_to_10462,https://monlam-ai-stt.s3.amazonaws.com/STT_AM_AB1684_0002_5502_to_10462.wav,གེི་གིན་སི་གཅིག་གིས་སྙིན་དུར་འཛིན་གྲྭ་མང་པོ་སློབ་ཁྲིད་ལ་གནང་བ་དང་། འཛིན་གྲྭ་གཅིག་གིས་སློབ་གཉེར་བའ་ ,4.96,1,transcribing,3418257
STT_AM_AB1684_0003_14078_to_19358,https://monlam-ai-stt.s3.amazonaws.com/STT_AM_AB1684_0003_14078_to_19358.wav,ཤོག་དུ་ཕེབ་སྐུ་པ་སྒེར་གི་ནག་བཞིན་ཡིན་ས་རེད། ཧོ་ཁྲིབ་ད་མི་འགྲོ་བ། འགའ་ཞིག་གྲང་གཅིག་འཁོར་ྟག་སོག་ལ།  ,5.28,1,transcribing,3418258
STT_AM_AB1684_0004_22994_to_25138,https://monlam-ai-stt.s3.amazonaws.com/STT_AM_AB1684_0004_22994_to_25138.wav,གྲྭ་ཚང་བ་རིད་སློབ་གཉེར་བ་མང་དག་ཅིག ,2.144,1,transcribing,3418259
STT_AM_AB1684_0005_25170_to_28882,https://monlam-ai-stt.s3.amazonaws.com/STT_AM_AB1684_0005_25170_to_28882.wav,གཞན་དབྱང་ཁུང་གི་རང་མི་གིར་གིན་སེ་ཧོ་ཆེད་ལ་འགྲུབ་མི་ཐུབ་པ་སོགས་ཀྱིག་ ,3.712,1,transcribing,3418260
STT_AM_AB1684_0006_31122_to_33362,https://monlam-ai-stt.s3.amazonaws.com/STT_AM_AB1684_0006_31122_to_33362.wav,ལོ་ར་ཚེ་ནས་མ་འཇོག་པའི་དཀའ་ངལ་ལ་མང་ཐག་ཅིག ,2.24,1,transcribing,3418261
STT_AM_AB1684_0007_34000_to_39653,https://monlam-ai-stt.s3.amazonaws.com/STT_AM_AB1684_0007_34000_to_39653.wav,ཡི་གེ་མངགས་གཉིས་ཐོག་ནས་འཕུལ་འབྱོར་ྱུང་བ་བཞིན། དོ་ན་གཉིས་སུ་སྷོག་གཉེར་ལ་འག་ྱི་ནག་གཙོ་བོ་ཞིག་ད་མངོན་པ་མ་སལ།  ,5.653,1,transcribing,3418262
STT_AM_AB1684_0008_42452_to_45460,https://monlam-ai-stt.s3.amazonaws.com/STT_AM_AB1684_0008_42452_to_45460.wav,སོ་རི་ཙི་ག་མ་ཐབ་པའི་དཀའ་ངལ་ལ་བྱད་པའི་སེད་ཐུབ་ཁྲད་ཏུབ།  ,3.008,1,transcribing,3418263
STT_AM_AB1684_0009_48916_to_51156,https://monlam-ai-stt.s3.amazonaws.com/STT_AM_AB1684_0009_48916_to_51156.wav,འབྲིས་ལོ་ནི་སྐབ་དེར་ལྷིག་ྤུལ་བ་གནང་ནས།  ,2.24,1,transcribing,3418264
STT_AM_AB1684_0010_55752_to_60392,https://monlam-ai-stt.s3.amazonaws.com/STT_AM_AB1684_0010_55752_to_60392.wav,པ་ཧོཨེ་ྲིལ། ཕྱག་སཏང་གནང་ཐོབ་དང་། སློབ་གཉེར་བ་རྣམས་ཧོེ་ཁྲིལ་ལ་ཡོང་།  ,4.64,1,transcribing,3418265
STT_AM_AB1684_0011_70771_to_72883,https://monlam-ai-stt.s3.amazonaws.com/STT_AM_AB1684_0011_70771_to_72883.wav,ཏང་རི་གཉིས་ཀྱིས་དབར་ན་ལྷུང་བ་ྡྷ་ལི་ ,2.112,1,transcribing,3418266
STT_AM_AB1684_0012_73331_to_76083,https://monlam-ai-stt.s3.amazonaws.com/STT_AM_AB1684_0012_73331_to_76083.wav,ྱབས་དེ་མདོྔ་རིག་ནས་བཅིང་མཚོགས་པའི་དང་ཏི་ ,2.752,1,transcribing,3418267
STT_AM_AB1684_0013_77487_to_83545,https://monlam-ai-stt.s3.amazonaws.com/STT_AM_AB1684_0013_77487_to_83545.wav,དེ་དང་ཐུན་པར་ཁྲི་ས་ཞིག་ད་གྱིར་དགས་བའི་དགོང་ཆེར་ཕེལ་བ་བཞིན། དེའི་རྟག་ལ་ཇིག་ྤྲུལ་ ,6.058,1,transcribing,3418268
STT_AM_AB1684_0014_109043_to_112941,https://monlam-ai-stt.s3.amazonaws.com/STT_AM_AB1684_0014_109043_to_112941.wav,གཞལ་དབྱང་དགེ་སླབ་མང་ཆེ་བའི་ཡོ་དག་ཀྲུད། འཇུགས་སྤྲུལ་དགོང་ཚི་བཏང་།  ,3.898,1,transcribing,3418269
STT_AM_AB1684_0015_120552_to_123252,https://monlam-ai-stt.s3.amazonaws.com/STT_AM_AB1684_0015_120552_to_123252.wav,ག་པ་ལ་རིའ་སློབ་གཉེར་མཐོན་ཚུམས།  ,2.7,1,transcribing,3418270
STT_AM_AB1684_0016_123505_to_125841,https://monlam-ai-stt.s3.amazonaws.com/STT_AM_AB1684_0016_123505_to_125841.wav,ྒཇག་གཞོང་དང་། རྒྗིས་དབྱབ་སྲིད་སུམ་གཅིག ,2.336,1,transcribing,3418271
STT_AM_AB1684_0017_128017_to_130961,https://monlam-ai-stt.s3.amazonaws.com/STT_AM_AB1684_0017_128017_to_130961.wav,དེའ་ར་གཞུང་ཡོངས་རུ་རྫོགས་ལ་དགན་ལིགས་ཀི་འཇིགས་ཁྲོད་དང་མཐུན་པའི་ ,2.944,1,transcribing,3418272
STT_AM_AB1684_0018_132913_to_135057,https://monlam-ai-stt.s3.amazonaws.com/STT_AM_AB1684_0018_132913_to_135057.wav,ཡུ་རྒྱུ་སྐུལ་ཆི་བ་དང་། ཏེ་ཞོན་དུ།  ,2.144,1,transcribing,3418273
STT_AM_AB1684_0019_138473_to_146438,https://monlam-ai-stt.s3.amazonaws.com/STT_AM_AB1684_0019_138473_to_146438.wav,སྲོག་གདམ་བཅའ་ྱེད་ཁག་སྐབས་མང་པོ་དེ། འདེབ་བླང་ཀྱིས་གཙོ་རྒྱུ་དུའ་རིགས་ལ། སྒྱུར་གཅིག་གཏོང་དགས་པའི་དགོང་ཆེར་འདུག་ན།  ,7.965,1,transcribing,3418274
STT_AM_AB1684_0020_146978_to_151490,https://monlam-ai-stt.s3.amazonaws.com/STT_AM_AB1684_0020_146978_to_151490.wav,དགེ་སློ་མང་བའི་ཉམས་ལོང་ལ་གཞིགས་པའི་དགོངས་ཆེར་ལགས་པའི་གྲྭ་ཚང་སོ་སིའི་ཁྲད་དུ།  ,4.512,1,transcribing,3418275
STT_AM_AB1684_0021_157930_to_160950,https://monlam-ai-stt.s3.amazonaws.com/STT_AM_AB1684_0021_157930_to_160950.wav,རྒྱུད་ཀྲ་ཏོ་མིལ་སོགས་འཆར་ཅིན་གཅིག ,3.02,1,transcribing,3418276
STT_AM_AB1684_0022_167171_to_169219,https://monlam-ai-stt.s3.amazonaws.com/STT_AM_AB1684_0022_167171_to_169219.wav,གྣང་བྱིན་ཐབ་ཕྱིན་ནུ་དགོངས་པའི་དགོངས་ཕྱིར།  ,2.048,1,transcribing,3418277
STT_AM_AB1684_0023_170115_to_172643,https://monlam-ai-stt.s3.amazonaws.com/STT_AM_AB1684_0023_170115_to_172643.wav,རྟོ་ཉེ་ཁྱིན་རྣམས་ལ་གཞོང་ྱིན་ཀ་པ་ལ་ང་ཡི།  ,2.528,1,transcribing,3418278
STT_AM_AB1684_0024_177707_to_181003,https://monlam-ai-stt.s3.amazonaws.com/STT_AM_AB1684_0024_177707_to_181003.wav,རིག་གཅིག་རྐང་འཛིན་གྱིག་སློབ་གཉེར་དང་། ཤིམ་ྗི་ཀག་ནང་སིད།  ,3.296,1,transcribing,3418279
STT_AM_AB1684_0025_182027_to_185355,https://monlam-ai-stt.s3.amazonaws.com/STT_AM_AB1684_0025_182027_to_185355.wav,ཤིག་སརན་ཛིག་ྱི་གིར་དན་ཐུན་མོང་ནས་བཙིན་ྐྱོང་ག་གནང་ན།  ,3.328,1,transcribing,3418280
STT_AM_AB1684_0026_187307_to_189707,https://monlam-ai-stt.s3.amazonaws.com/STT_AM_AB1684_0026_187307_to_189707.wav,འཛིན་མགོན་ཁག་སོ་སོ་དང་འབྲེལ་བའི་དགོངས་འཆར་ ,2.4,1,transcribing,3418281
STT_AM_AB1684_0027_196811_to_198859,https://monlam-ai-stt.s3.amazonaws.com/STT_AM_AB1684_0027_196811_to_198859.wav,དགོན་པའི་ཤ་ཁྲག་གས་འཛིག་ཤས་ཀྱིས་ ,2.048,1,transcribing,3418282
STT_AM_AB1684_0028_206159_to_210377,https://monlam-ai-stt.s3.amazonaws.com/STT_AM_AB1684_0028_206159_to_210377.wav,འཛུ་ྒྱི་དགོངས་གཞི་མི་འདྲོགི། ཨུན་ྱང་ལོག་ན་རྒན་པ། སྟོག་ཉིར་བཞིན་ ,4.218,1,transcribing,3418283
STT_AM_AB1684_0029_210428_to_212841,https://monlam-ai-stt.s3.amazonaws.com/STT_AM_AB1684_0029_210428_to_212841.wav,གཡོ་རིག་ི་རནམ་ལ་སྐོ་སྐབས་མ་རག་པའི་ ,2.413,1,transcribing,3418284
STT_AM_AB1684_0030_213364_to_216233,https://monlam-ai-stt.s3.amazonaws.com/STT_AM_AB1684_0030_213364_to_216233.wav,དག་ཡུལ་དགོན་པ་མཉམ་པ་རང་གི་གནང་དུ་བཤད་ཁྲ།  ,2.869,1,transcribing,3418285
STT_AM_AB1684_0031_217785_to_221920,https://monlam-ai-stt.s3.amazonaws.com/STT_AM_AB1684_0031_217785_to_221920.wav,རྩི་ཐོབ་ན་མི་ཚིས་སཏོན་སདང་ལྡན་པ་ཡོང་བར་དགན་ཚིན་ཆེ་བའི་དགོངས་ཚུལ།  ,4.135,1,transcribing,3418286
STT_AM_AB1684_0032_223982_to_226318,https://monlam-ai-stt.s3.amazonaws.com/STT_AM_AB1684_0032_223982_to_226318.wav,འཇམ་ཀོན་སྱ་པན་ཊ་དེ་རིགས་པ།  ,2.336,1,transcribing,3418287
STT_AM_AB1684_0033_238575_to_241866,https://monlam-ai-stt.s3.amazonaws.com/STT_AM_AB1684_0033_238575_to_241866.wav,དགུ་ན་རང་དུ་ཛ་ནས་ཐུན་ཞིན་མ་འདང་བ་མ་འདུ་ག་ན།  ,3.291,1,transcribing,3418288
STT_AM_AB1684_0034_242541_to_248549,https://monlam-ai-stt.s3.amazonaws.com/STT_AM_AB1684_0034_242541_to_248549.wav,འབྲེལ་ཡོད་ལ་ནི་ཐུག་སུ་མ་རྒྱ་ཆེ་བཞིག་ནས་ལོ་ཚུལ་ལ་དམག་སྟིད་བར་རྟགས་ཡོད་ལ་དགོན་པར་ནང་དུ།  ,6.008,1,transcribing,3418289
STT_AM_AB1684_0035_248599_to_251400,https://monlam-ai-stt.s3.amazonaws.com/STT_AM_AB1684_0035_248599_to_251400.wav,འཛུ་ཐུབ་པ་སྣང་སྐྱུང་ཡོང་བ། ཞོས།  ,2.801,1,transcribing,3418290
STT_AM_AB1684_0036_255062_to_257718,https://monlam-ai-stt.s3.amazonaws.com/STT_AM_AB1684_0036_255062_to_257718.wav,ལ་ར་མ་སློབ་སྦྱོང་ཉམས་འཁྲིལ་གནང་ཁིན་ཅིག ,2.656,1,transcribing,3418291
STT_AM_AB1684_0037_271971_to_276207,https://monlam-ai-stt.s3.amazonaws.com/STT_AM_AB1684_0037_271971_to_276207.wav,ཏོག་ནིལ་གཡོ་མིལ་གྱིས་གྲོང་བོ་མང་པོར་སྣེ་ལིན་ཞེས་པ་གྱིན་དུ་འདུག་ན།  ,4.236,1,transcribing,3418292
STT_AM_AB1684_0038_286688_to_289088,https://monlam-ai-stt.s3.amazonaws.com/STT_AM_AB1684_0038_286688_to_289088.wav,ཝི་ཞིན་དགོན་པའི་ལི་ན་ནམ་ནི་ཋ་ད།  ,2.4,1,transcribing,3418293
STT_AM_AB1684_0039_301792_to_303904,https://monlam-ai-stt.s3.amazonaws.com/STT_AM_AB1684_0039_301792_to_303904.wav,རྫུན་སྐོར་འདིར་མདོག་ཤོག་ཀཅིག་སློབ་གཉེར་ ,2.112,1,transcribing,3418294
STT_AM_AB1684_0040_307493_to_314159,https://monlam-ai-stt.s3.amazonaws.com/STT_AM_AB1684_0040_307493_to_314159.wav,གས་མ་ཆག་པར་སྔགས་ལ་ཡང་སློབ་ཉེ་རག་གྣང་དགོས་པ། ཤིན་ཏུ་ཀུལ་ཆེ་བའི་དགོངས་པའི་འཛིན་ྐྱོང་ནས་ཕྲད་དུ་ ,6.666,1,transcribing,3418295
STT_AM_AB1684_0041_319626_to_325448,https://monlam-ai-stt.s3.amazonaws.com/STT_AM_AB1684_0041_319626_to_325448.wav,བཙུན་དགུ་འདུབ་བཞིན་དར་ས་རྩིག་ལ་ཁང་དང་། བཞང་ཐག་རང་བའི་བཞོ་གསུམ་གྱི་ཆོ་ཁ་ ,5.822,1,transcribing,3418296
STT_AM_AB1684_0042_336351_to_341151,https://monlam-ai-stt.s3.amazonaws.com/STT_AM_AB1684_0042_336351_to_341151.wav,གཞག་སུམས་ཀྱིས་མཉམ་ལན་བསྟན་པའི་གཞེས་མ་ཡིན་པས་འབྲས་ལུ་འཛིན་བྱོང་ནས་དགོངས་པ་རང་དུ་ ,4.8,1,transcribing,3418297
STT_AM_AB1684_0043_355481_to_358937,https://monlam-ai-stt.s3.amazonaws.com/STT_AM_AB1684_0043_355481_to_358937.wav,ག་ཡག་གཞན་ཡང་དགོན་པ་འདིར་ཕར་ཕྱིན་གྱིག་ཡི་གེ་ྱེ་གིར་གིན་ ,3.456,1,transcribing,3418298
STT_AM_AB1684_0044_359257_to_361881,https://monlam-ai-stt.s3.amazonaws.com/STT_AM_AB1684_0044_359257_to_361881.wav,མིན་ཐལ་བཞིང་ཁོན་མེད་པའི་དཀའ་ངལ་སློབ་མ་ང་རང་ ,2.624,1,transcribing,3418299
STT_AM_AB1684_0045_364109_to_369593,https://monlam-ai-stt.s3.amazonaws.com/STT_AM_AB1684_0045_364109_to_369593.wav,ཞིབ་སལྗོང་ཕྱི་རིག་ནས་སྐད་ཞག་གནང་ཞིས་རིགས་ལྷག་གནང་ཀི་འགདུག་གི་ན། ཐུན་རྒྱིར་རང་ཁོང་ནས་ ,5.484,1,transcribing,3418300
STT_AM_AB1684_0046_376410_to_383650,https://monlam-ai-stt.s3.amazonaws.com/STT_AM_AB1684_0046_376410_to_383650.wav,ྣང་མའི་ཐོག་ཕྱི་རིག་ནི་གེར་གན་ཆར་ྱིན་ཚད་ལྡན་དང་ལྡན་པ་ཞིག་སྐད་ཞག་ནང་ཀུལ་ྱེད་པ་རྗེས་སུ།  ,7.24,1,transcribing,3418301
STT_AM_AB1684_0047_384207_to_386654,https://monlam-ai-stt.s3.amazonaws.com/STT_AM_AB1684_0047_384207_to_386654.wav,དམིག་བསལ་ཕྱིན་ཚོགས་ཐང་དང་དེི།  ,2.447,1,transcribing,3418302
STT_AM_AB1684_0048_387227_to_392340,https://monlam-ai-stt.s3.amazonaws.com/STT_AM_AB1684_0048_387227_to_392340.wav,ཚོགས་ཆེར་ཁོན་གནམ་གྱིས་འོ་ཁྲི་ལ་ལ་ཆིན་གནང་པ་དང་། སྐུ་ཚབ་རྣམས་ཀྱིས་མཚན་གཞུང་།  ,5.113,1,transcribing,3418303
STT_AM_AB1684_0049_394990_to_399985,https://monlam-ai-stt.s3.amazonaws.com/STT_AM_AB1684_0049_394990_to_399985.wav,ྒྲ་གོང་པ་ན་ར་རིན་པོ་ཆེའི་བཀའ་ཚུབ་ཁམ་ཁྲིལ། ྤྱང་ཁང་བ་རིན་པོ་ཆེས།  ,4.995,1,transcribing,3418304
STT_AM_AB1684_0050_400457_to_403174,https://monlam-ai-stt.s3.amazonaws.com/STT_AM_AB1684_0050_400457_to_403174.wav,འཕྲོལ་གཞིག་རིན་པོ་ཆེའི་བཀའ་ཚུབ། ྤྱི་སེར་ ,2.717,1,transcribing,3418305
STT_AM_AB1684_0051_409300_to_411494,https://monlam-ai-stt.s3.amazonaws.com/STT_AM_AB1684_0051_409300_to_411494.wav,འགྲོ་གོངས་སྐྱབས་མགོན་ཁྲི་ཚང་རིན་པོ་ཆེ་ ,2.194,1,transcribing,3418306
STT_AM_AB1684_0052_415409_to_418564,https://monlam-ai-stt.s3.amazonaws.com/STT_AM_AB1684_0052_415409_to_418564.wav,རིན་བོ་ཆི། ཀ་ཚབ། ཁམ་བོ་འཇིག་མ་ལག་ཏོག་གྱི།  ,3.155,1,transcribing,3418307
STT_AM_AB1684_0053_418902_to_421551,https://monlam-ai-stt.s3.amazonaws.com/STT_AM_AB1684_0053_418902_to_421551.wav,ཁོ་ཚོ་ས་ཤབ་དག་ཁྲོད་ རིན་པོ་ཆེ།  ,2.649,1,transcribing,3418308
STT_AM_AB1684_0054_424302_to_427677,https://monlam-ai-stt.s3.amazonaws.com/STT_AM_AB1684_0054_424302_to_427677.wav,ངོ་ར་ལླག་སྟོང་ཁོ་ན་རིན་པོ་ཆེའ་བཀ་ཚུམ་འཇ་དབཡང་ཡ་གི་ ,3.375,1,transcribing,3418309
STT_AM_AB1684_0055_428993_to_433144,https://monlam-ai-stt.s3.amazonaws.com/STT_AM_AB1684_0055_428993_to_433144.wav,མཁན་བོ་ཀིན་ག་འམ་ཞིག་གི་སྐའ་ཚབ་ཁན་བོ་ཆི་ྱང་རྡོ་རྒྱི།  ,4.151,1,transcribing,3418310
STT_AM_AB1684_0056_433262_to_435574,https://monlam-ai-stt.s3.amazonaws.com/STT_AM_AB1684_0056_433262_to_435574.wav,ཤོང་སསི་ཆུ་བརྒྱད་བྱིས།  ,2.312,1,transcribing,3418311
STT_AM_AB1684_0057_437903_to_440384,https://monlam-ai-stt.s3.amazonaws.com/STT_AM_AB1684_0057_437903_to_440384.wav,ཁར་པ་ཆོ་རྒྱད་རིན་པོ་ཆེ།  ,2.481,1,transcribing,3418312
STT_AM_AB1684_0058_441852_to_445919,https://monlam-ai-stt.s3.amazonaws.com/STT_AM_AB1684_0058_441852_to_445919.wav,དམག་རི་ཁྲིན་འཛིན་ལུང་རྟོག་སྟན་པེི་སཉིན་མ་རིན་པོ་ཆེ།  ,4.067,1,transcribing,3418313
STT_AM_AB1684_0059_447488_to_454103,https://monlam-ai-stt.s3.amazonaws.com/STT_AM_AB1684_0059_447488_to_454103.wav,ལྷོ་སཁོམ་སྟ་འཛིན་གནང་མནམ་ད་ག་རིན་པོ་ཆེའ་བཀའ་ཚབ། གེ་བཞི། ཤ་ྒྲབ་རྒྱ་མཚོ།  ,6.615,1,transcribing,3418314
STT_AM_AB1684_0060_473880_to_478251,https://monlam-ai-stt.s3.amazonaws.com/STT_AM_AB1684_0060_473880_to_478251.wav,ལོ་ལྔ་བཅུ་ཙུ་བཙན་ཤོ་དུ་དིག་བའི་འོག་མའ་བཞི་དུ་ག་གྲན་སོ་དང་དུན།  ,4.371,1,transcribing,3418315
STT_AM_AB1684_0061_478403_to_481289,https://monlam-ai-stt.s3.amazonaws.com/STT_AM_AB1684_0061_478403_to_481289.wav,འོ་ལ་བརྒྱ་ལོ་ ཉི་བརྒྱ།  ,2.886,1,transcribing,3418316
STT_AM_AB1684_0062_481508_to_486233,https://monlam-ai-stt.s3.amazonaws.com/STT_AM_AB1684_0062_481508_to_486233.wav,རྒྱ་དང་སིམ་བྱས་སོ་ྒྲུག། འོ་ྡ་ཏང་བའི་ཚིག་བཅ་ནི་ཚིག་གཅིག་གཉིས།  ,4.725,1,transcribing,3418317
STT_AM_AB1684_0063_505386_to_510584,https://monlam-ai-stt.s3.amazonaws.com/STT_AM_AB1684_0063_505386_to_510584.wav,ཆེད་བླང་ཕོ་བྲངས། ཚོང་ཁང་དུ་བྱང་བའི་ྲི་ཇ་དང་ྲི་ཤུལ་བཤམ་སལ།  ,5.198,1,transcribing,3418318
STT_AM_AB1684_0064_516540_to_521097,https://monlam-ai-stt.s3.amazonaws.com/STT_AM_AB1684_0064_516540_to_521097.wav,ལག་སྟར་ལྕག་གནང་། བཅར་ཞི་པ་ཅིག་སྙན་དོན་ཞེས་རྒྱུ། ྲི་ཆིལ།  ,4.557,1,transcribing,3418319
STT_AM_AB1684_0065_532811_to_534859,https://monlam-ai-stt.s3.amazonaws.com/STT_AM_AB1684_0065_532811_to_534859.wav,ཀ་ལིན་ཕཆོག་ནས་ཡིད་མངག་གི་གཉིས་ཐོག་ནས།  ,2.048,1,transcribing,3418320
STT_AM_AB1684_0066_547995_to_553699,https://monlam-ai-stt.s3.amazonaws.com/STT_AM_AB1684_0066_547995_to_553699.wav,མན་མཐ་ལ་ཇིཀ་ནོན་དང་ལག་སྟར་བཤད་བྱས། ཕྱིན་ཚོགས་སྔ་མ་ཁག་གི་ྲི་ྱི་ལོ་གནང་།  ,5.704,1,transcribing,3418321
STT_AM_AB1684_0067_555539_to_557985,https://monlam-ai-stt.s3.amazonaws.com/STT_AM_AB1684_0067_555539_to_557985.wav,སན་ཆི་རྒྱིལ། སོ་སིའ་ཆུར་རྒྱུལ།  ,2.446,1,transcribing,3418322
STT_AM_AB1684_0068_559842_to_566642,https://monlam-ai-stt.s3.amazonaws.com/STT_AM_AB1684_0068_559842_to_566642.wav,སྒྲིག་ཕྱོག་ཀྱི་ཆིས་རིག་ལིས་ཁོངས་ལ་འཕེན་རྒྱུར་གཞུང་མཚམས་སློབ་གྲྭ་ཁག་ལ་འབྲེལ་ཡུལ། ག་ནང་བཞིན་དེ་ལ་བཡང་ཁྲོངས་འོན་དང་།  ,6.8,1,transcribing,3418323
STT_AM_AB1684_0069_566845_to_570034,https://monlam-ai-stt.s3.amazonaws.com/STT_AM_AB1684_0069_566845_to_570034.wav,མཉང་མ་སཇ་ྱ་ དགེ་ལིགས་ཀིས་ཅིག་ཕྱིན་ལྗོངས་གནང་།  ,3.189,1,transcribing,3418324
STT_AM_AB1684_0070_573055_to_576497,https://monlam-ai-stt.s3.amazonaws.com/STT_AM_AB1684_0070_573055_to_576497.wav,གསུམ་ཐོ་ཀ་ྒྱུལ། ཁོང་དྲི་གོང་ཀ་ྒྱུལ། གཅིག་པ་ ,3.442,1,transcribing,3418325
STT_AM_AB1684_0071_578674_to_580784,https://monlam-ai-stt.s3.amazonaws.com/STT_AM_AB1684_0071_578674_to_580784.wav,སློབ་ཁགསློབ་གཏོབ་གནང་།  ,2.11,1,transcribing,3418326
STT_AM_AB1684_0072_583028_to_586673,https://monlam-ai-stt.s3.amazonaws.com/STT_AM_AB1684_0072_583028_to_586673.wav,ྱིན་ལྗོང་ལ་སྣོབ་བྱི་ཕྲང་བ་དང་གཅིག་གྣང་བྱུར།  ,3.645,1,transcribing,3418327
STT_AM_AB1684_0073_592410_to_596849,https://monlam-ai-stt.s3.amazonaws.com/STT_AM_AB1684_0073_592410_to_596849.wav,ལྷ་ལོ་སཀ་བརྒྱ་ཅིས་ཁཆིབ་ལྗུང་། འཕན་འགྱུར་ནང་ཚུན་ཕཆི་རིགག་ལས་ཁོངས་ནས།  ,4.439,1,transcribing,3418328
STT_AM_AB1684_0074_599042_to_603458,https://monlam-ai-stt.s3.amazonaws.com/STT_AM_AB1684_0074_599042_to_603458.wav,ཤོག་སྒྲིག་གྱི་ཁྱུར་རྒྱུལ་ྱེན་པོ་གཞི་དང་ཡང་གྲུང་དབོན་གྱི་སོ་སིའ་མཐའ་མེི་ཤི་ྟག་ ,4.416,1,transcribing,3418329
STT_AM_AB1684_0075_608492_to_613740,https://monlam-ai-stt.s3.amazonaws.com/STT_AM_AB1684_0075_608492_to_613740.wav,ྲི་ཞི་སྟོན་ཚིན་ལ་གཉིས་པ། ཕྱུར་རྒྱལ་ཁག་གི་འང་དེ་ནས་བཀའ་ཚབ་ཡོད་པའི་རཙན་ཞི་འོག་མི་ ,5.248,1,transcribing,3418330
STT_AM_AB1684_0076_614095_to_616559,https://monlam-ai-stt.s3.amazonaws.com/STT_AM_AB1684_0076_614095_to_616559.wav,ཕྱིས་དོན་ལྷན་ཚོགས་བཞི་འཛིག་གྱིའ་ཁྲིམས་ཡིག་ ,2.464,1,transcribing,3418331
STT_AM_AB1684_0077_620609_to_624220,https://monlam-ai-stt.s3.amazonaws.com/STT_AM_AB1684_0077_620609_to_624220.wav,སེན་དིག་ཐོག་སྐབ་དེར། ཨ་ནས་ང་ྱིན་ྲི་ཆུལ་སྤྲིན་ཚོགས།  ,3.611,1,transcribing,3418332
STT_AM_AB1684_0078_624524_to_628012,https://monlam-ai-stt.s3.amazonaws.com/STT_AM_AB1684_0078_624524_to_628012.wav,ཐ་ང་རྒྱ་པ་དང་དགལ་བིཡི་ཋི་ཆི་ལོ། གོང་ཏོན་ཏ་ཡལ་ཆོས་རྒྱུལ།  ,3.488,1,transcribing,3418333
STT_AM_AB1684_0079_634547_to_636606,https://monlam-ai-stt.s3.amazonaws.com/STT_AM_AB1684_0079_634547_to_636606.wav,ལྷནན་ཚོགས་གསར་འཛིན་ཀི་ནང་གྱིན་ཁྲིམས་ཡུགག་ ,2.059,1,transcribing,3418334
STT_AM_AB1684_0080_639593_to_645347,https://monlam-ai-stt.s3.amazonaws.com/STT_AM_AB1684_0080_639593_to_645347.wav,སིན་ྲི་འོད་ྱུང་ཕྱི་རིག་ལས་ཁུངས་ནས་གོ་དེ་ཆུར་རྒྱད་ཆེན་པོ་གཞི་དང་ཡང་གྲོངས་འོད་ཀྱི་བ་འཁྲལ།  ,5.754,1,transcribing,3418335
STT_AM_AB1684_0081_647108_to_649636,https://monlam-ai-stt.s3.amazonaws.com/STT_AM_AB1684_0081_647108_to_649636.wav,རྒྱ་བ་ལ་འགྲིག་གསུམ་ཁི་ཅིག་དགོན་འདི་ཤ་གྲངས།  ,2.528,1,transcribing,3418336
STT_AM_AB1684_0082_650212_to_652484,https://monlam-ai-stt.s3.amazonaws.com/STT_AM_AB1684_0082_650212_to_652484.wav,ཉི་བརྒྱ་སུམ་ཅི་སོག་གསུམ་ལ་འགྲམ་སྟེ་ ,2.272,1,transcribing,3418337
STT_AM_AB1684_0083_667601_to_670033,https://monlam-ai-stt.s3.amazonaws.com/STT_AM_AB1684_0083_667601_to_670033.wav,དེའི་རྗི་ཏོསི་ན་ར་རན་ཋིབ་དར་གིས་ ,2.432,1,transcribing,3418338
STT_AM_AB1684_0084_677899_to_683384,https://monlam-ai-stt.s3.amazonaws.com/STT_AM_AB1684_0084_677899_to_683384.wav,ཨི་ཡག་གནང་སྟེ། སེན་ྲི་གཏན་འབེབས་གནང་གྲ་པི་ཡི་གེ་ཐོག་གི་གནང་དུགཞར་བཟུང་།  ,5.485,1,transcribing,3418339
STT_AM_AB1684_0085_683974_to_688429,https://monlam-ai-stt.s3.amazonaws.com/STT_AM_AB1684_0085_683974_to_688429.wav,འུ་ལུ་མ་མང་ཅུ་ཐུས་ལྷན་ཚོགས་སུ་མཐའ་མེ་གཏན་འབབ་ལྷ་འབ་རྱ།  ,4.455,1,transcribing,3418340
STT_AM_AB1684_0086_691484_to_695922,https://monlam-ai-stt.s3.amazonaws.com/STT_AM_AB1684_0086_691484_to_695922.wav,ཆི་དོན་ལྷན་ཚོགས་ཀྱི་ཁྲིམ་ཡིག་སིན་ྲི་སི་དུ་ཧོ་ྲང་ྱཆེ་ ,4.438,1,transcribing,3418341
STT_AM_AB1684_0087_698807_to_701220,https://monlam-ai-stt.s3.amazonaws.com/STT_AM_AB1684_0087_698807_to_701220.wav,ཅསྀ་གཅིག་ནས། ཨར་གྷ་བར་ཡུལ།  ,2.413,1,transcribing,3418342
STT_AM_AB1684_0088_705237_to_709845,https://monlam-ai-stt.s3.amazonaws.com/STT_AM_AB1684_0088_705237_to_709845.wav,ྲི་ཡག་ྱི་ཏོཛིན་ཟིན་པ། འོད་ཅིག་ཆོར་རྒྱལ་ྱེན་པོ་གཞི་དང་ཡང་ཁྲོང་འོན་ྱི་བའི་ ,4.608,1,transcribing,3418343
STT_AM_AB1684_0089_713621_to_716309,https://monlam-ai-stt.s3.amazonaws.com/STT_AM_AB1684_0089_713621_to_716309.wav,ཕྱི་ལུག་ཀི་ཆུར་རྒྱིལ་ལ་སོ་སེ་ཡོད་པ། སལོབ་གཋྭ་ལ་ངས་རཙི་ནང་གནང་ཤོགས ,2.688,1,transcribing,3418344
STT_AM_AB1684_0090_719765_to_722165,https://monlam-ai-stt.s3.amazonaws.com/STT_AM_AB1684_0090_719765_to_722165.wav,གཏན་འབེབས་སྐོ་གནང་བ་དེ་ཏག་ཡོང་ཆོག་པ་གསལ་དྲགས་དང་།  ,2.4,1,transcribing,3418345
STT_AM_AB1684_0091_735458_to_737890,https://monlam-ai-stt.s3.amazonaws.com/STT_AM_AB1684_0091_735458_to_737890.wav,ག་དྱང་ཁྲུང་ཝོན་བཅི་བའི་བོ་ྲི་ལལ་ཆིན་བཏང་རེད།  ,2.432,1,transcribing,3418346
STT_AM_AB1684_0092_763831_to_766711,https://monlam-ai-stt.s3.amazonaws.com/STT_AM_AB1684_0092_763831_to_766711.wav,ཆེས་རིག་ལས་ཁུངས་དང་ཆུར་རྒྱལ་སོ་སི་ལ་ཆོན་རནང་པའི་ ,2.88,1,transcribing,3418347
STT_AM_AB1684_0093_769935_to_772720,https://monlam-ai-stt.s3.amazonaws.com/STT_AM_AB1684_0093_769935_to_772720.wav,ཞི་ནང་མི་རིགས་རྐང་མང་ལ་ས་སཁྲག་ ,2.785,1,transcribing,3418348
STT_AM_AB1684_0094_776759_to_781047,https://monlam-ai-stt.s3.amazonaws.com/STT_AM_AB1684_0094_776759_to_781047.wav,འོད་ཀྱི་ྱོ་རྒྱུལ་ྱེན་པོའ་གཞི་དང་ཡང་ཁྲོང་བོལ་གྱིས་སོ་སི་ལཋལ་ངེས་འཛིན།  ,4.288,1,transcribing,3418349
STT_AM_AB1684_0095_785079_to_787767,https://monlam-ai-stt.s3.amazonaws.com/STT_AM_AB1684_0095_785079_to_787767.wav,རྒྱ་ནག་གཞུང་གི་ཆབ་སྲིད་ཀྱིག་རྒན་ཁུག་གཞུར་བཟུང་།  ,2.688,1,transcribing,3418350
STT_AM_AB1684_0096_791099_to_794427,https://monlam-ai-stt.s3.amazonaws.com/STT_AM_AB1684_0096_791099_to_794427.wav,ཕྱོར་རྒྱུལ་ཆེན་པོ་གཞི་དང་ཡང་གྲོང་བོན་ཆི་བའི་སོ་སིན་ཆོན་ཏོག་ ,3.328,1,transcribing,3418351
STT_AM_AB1684_0097_798572_to_802892,https://monlam-ai-stt.s3.amazonaws.com/STT_AM_AB1684_0097_798572_to_802892.wav,མཉམ་འབྲེལ་ཐོག་སྙེས་ལོན་མེད་པའི་ས་སྒྲག་གནང་རྗོས།  ,4.32,1,transcribing,3418352
STT_AM_AB1684_0098_806537_to_813574,https://monlam-ai-stt.s3.amazonaws.com/STT_AM_AB1684_0098_806537_to_813574.wav,ཁཆིན་ཚོགས་དང་གེ་བའི་གྲི་ཆུར་གནང་། གསལ། འོ་ཅི་ཆོ་རྒྱལ་ཆེན་པོ་གཞི་དང་ཡང་གྲོང་ཝོན་ྱི་བའི་སོ་སོར་གེཧ་ཤི་ ,7.037,1,transcribing,3418353
STT_AM_AB1684_0099_815869_to_819683,https://monlam-ai-stt.s3.amazonaws.com/STT_AM_AB1684_0099_815869_to_819683.wav,དམག་ཨམ། ཁ་མི་ཚེ་ན་གི་ནང་ནས་གཏན་འབེབས་པ་གནང་ཤོག།  ,3.814,1,transcribing,3418354
STT_AM_AB1684_0100_829862_to_833190,https://monlam-ai-stt.s3.amazonaws.com/STT_AM_AB1684_0100_829862_to_833190.wav,གྲིས་བཞི་འོད་ཀཅི་ཕྱུ་རྒྱིད་ཆེན་པོ་ཞིབས་དང་། ཡང་གྲོང་ཝོན་གྱིག་གིས་ ,3.328,1,transcribing,3418355
STT_AM_AB1684_0101_837030_to_840710,https://monlam-ai-stt.s3.amazonaws.com/STT_AM_AB1684_0101_837030_to_840710.wav,མཐར་གསུམ་པ་རྣམས་ལ་ཆོ་རྒྱུལ་སོ་སིགས་ལྷག་པ་མཐར་སིན་གྱི་རིམ་པ་དང་།  ,3.68,1,transcribing,3418356
STT_AM_AB1684_0102_847913_to_851177,https://monlam-ai-stt.s3.amazonaws.com/STT_AM_AB1684_0102_847913_to_851177.wav,ཚ་ནས་འབི་ཤོག་གི་ྒཞེ་རིམ་དང་ལམ་ླི་ཞིབ་དྲག་ས་ཏུ་ ,3.264,1,transcribing,3418357
STT_AM_AB1684_0103_851561_to_855817,https://monlam-ai-stt.s3.amazonaws.com/STT_AM_AB1684_0103_851561_to_855817.wav,རགད་པར་དེ་ནས་འོད་ཅི་ཆོར་རྒྱད་ཆེན་པོ་ཞི། དང་ཡང་ཁྲུ་ྣ་འོལ་ཞིས་པའི་སོ་སོ་ ,4.256,1,transcribing,3418358
STT_AM_AB1684_0104_887639_to_890963,https://monlam-ai-stt.s3.amazonaws.com/STT_AM_AB1684_0104_887639_to_890963.wav,སབྱོད་ཡོངས་ཅིག་ཡག་སྣང་ཤོག་དང་། ལྷག་པར་དུ་རྟོར་བརྒྱུལ།  ,3.324,1,transcribing,3418359
STT_AM_AB1684_0105_905037_to_909930,https://monlam-ai-stt.s3.amazonaws.com/STT_AM_AB1684_0105_905037_to_909930.wav,ཇམ་མཆོག་ལྔ་བ་ཆེན་པོ་མཆོག་དང་། ལཇམ་མཆོག་བཅི་གསུན་པ་ཆེན་པོ་མཆོག་ ,4.893,1,transcribing,3418360
STT_AM_AB1684_0106_913407_to_917980,https://monlam-ai-stt.s3.amazonaws.com/STT_AM_AB1684_0106_913407_to_917980.wav,ཁྲ་ྱི་ན་ང་གང་ཆོས་འདིན། རྒྱ་དབྱངས་ཕྱེད་མཚེས་ཕྱི་ྱིི་ལོག་གྲིས།  ,4.573,1,transcribing,3418361
STT_AM_AB1684_0107_919904_to_924409,https://monlam-ai-stt.s3.amazonaws.com/STT_AM_AB1684_0107_919904_to_924409.wav,སུར་བཏང་པ་རྡོ་རྗེ་ཆོ་ྔ་གོང་ལོ་གཅིགགཞམ་ཕན་སྙང་པོ།  ,4.505,1,transcribing,3418362
STT_AM_AB1684_0108_925827_to_929387,https://monlam-ai-stt.s3.amazonaws.com/STT_AM_AB1684_0108_925827_to_929387.wav,ཁང་སར་ཁན་པོ་ང་ཁང་ཡོ་ད་ཇམ་ཚོ། ྡོ་ྲརག་འཛིན།  ,3.56,1,transcribing,3418363
STT_AM_AB1684_0109_932138_to_936930,https://monlam-ai-stt.s3.amazonaws.com/STT_AM_AB1684_0109_932138_to_936930.wav,ཆེན་མོ་ཀ་ཁྲང་ཞོད་པ། པ་མ་ྲིན་ལི། ག་དན་ཁྲི་ཐོག ,4.792,1,transcribing,3418364
STT_AM_AB1684_0110_939884_to_941932,https://monlam-ai-stt.s3.amazonaws.com/STT_AM_AB1684_0110_939884_to_941932.wav,རྒྱལ་བ་ཇི་ཙུན་བློ་བཟང་སྔིན་མ་ ,2.048,1,transcribing,3418365
STT_AM_AB1684_0111_962412_to_966604,https://monlam-ai-stt.s3.amazonaws.com/STT_AM_AB1684_0111_962412_to_966604.wav,མཛབ་པ་དང་ལྷག་པར་ྱབ་མཆོག་ལྔ་བ་ཆེན་པོའི་གཏོར་རྒྱུལ་གྱི་རྒྗུས་ཁྱབ་པར་ ,4.192,1,transcribing,3418366
STT_AM_AB1684_0112_974860_to_977036,https://monlam-ai-stt.s3.amazonaws.com/STT_AM_AB1684_0112_974860_to_977036.wav,འགྲོ་བ་གུན་ལ་ཚེ་པར་བཤེད་པ་ཡིན་པས་ ,2.176,1,transcribing,3418367
STT_AM_AB1684_0113_978477_to_985007,https://monlam-ai-stt.s3.amazonaws.com/STT_AM_AB1684_0113_978477_to_985007.wav,ྐང་ལྗོངས་ཞ་ྟན་ཡོངས་རུ་རྫོགས་ཀྱི་ལྔ་རདག། སྤྱི་ནོར་གོང་ས་སྐྱབས་མགོན་ཆེན་པོ་ཕྱོག་ནས་ྐྱང་འོ་ཀྱི་ ,6.53,1,transcribing,3418368
STT_AM_AB1684_0114_985379_to_992314,https://monlam-ai-stt.s3.amazonaws.com/STT_AM_AB1684_0114_985379_to_992314.wav,སྟན་སིལ་གྱིས་རྟན་དུན་ལ་གཅིག་ཏུ་དགོང་ནས། ྟན་སུལ་གཏོར་རྒྱལ་བསྟན་སུལ་མ་རུབའི་ཀ་སློབ་ླ་ུན ,6.935,1,transcribing,3418369
STT_AM_AB1684_0115_1004777_to_1006793,https://monlam-ai-stt.s3.amazonaws.com/STT_AM_AB1684_0115_1004777_to_1006793.wav,གཞི་ཐོག་ནས་ཐག་གཅིག་ཏུ་རྒྱབ་སྐྱོར་ ,2.016,1,transcribing,3418370
STT_AM_AB1684_0116_1006921_to_1011081,https://monlam-ai-stt.s3.amazonaws.com/STT_AM_AB1684_0116_1006921_to_1011081.wav,ཤེས་རྒྱུ་དང་ྒྲོལ། དགེ་ལིགས་ྱིག་ལདན་སལ་ཁག་གི་དགེ་འདུན་པ་རྣམ་པའི་གཏམ་པའི་ ,4.16,1,transcribing,3418371
STT_AM_AB1684_0117_1012345_to_1020310,https://monlam-ai-stt.s3.amazonaws.com/STT_AM_AB1684_0117_1012345_to_1020310.wav,ཆིབ་འདིལ་བ་དང་། ཐུན་པར་ཚེ་བྱང་། བཞི་སྟེ་རཏོར་རྒྱུལ་རྟན་སུ་ཤེས་མཁུན་དང་། ཕྱི་དང་སང་བཟང་གི་འབྲེལ་བ་གཙང་ྤྱིལ།  ,7.965,1,transcribing,3418372
STT_AM_AB1684_0118_1020546_to_1028427,https://monlam-ai-stt.s3.amazonaws.com/STT_AM_AB1684_0118_1020546_to_1028427.wav,ནང་བར་ཕྱི་ཚོགས་འདིའི་ཐོག་ནས་གཞིས་སུ་ཡ་རང་དང་། བསྔགས་རྒྱུལ་ཡོལ། འཇིག་རྟེན་འདིི་ལྷ་འདྲེས་སྤྱི་དང་། ལྷག་པར་གཏམ་སི།  ,7.881,1,transcribing,3418373
STT_AM_AB1684_0119_1039564_to_1045842,https://monlam-ai-stt.s3.amazonaws.com/STT_AM_AB1684_0119_1039564_to_1045842.wav,འོད་ལ་རྐང་ཅིན་གཅིག་ྱི་གཅིག་ལ་རྐང་གཁོང་ཁྲོ་ྟོག་མིན་པ། ཁྱིའ་ཚོགས་འདིའི་ཐོག་ནས་ས་འོ་བཟོ་རྒྱོས།  ,6.278,1,transcribing,3418374
STT_AM_AB1684_0120_1049596_to_1052860,https://monlam-ai-stt.s3.amazonaws.com/STT_AM_AB1684_0120_1049596_to_1052860.wav,བདུན་ཅི་ཙམ་གྱིས་རང་ཆོ་རྒྱལ་ཁ་སྐ་ཅི་ཕྱིན་བཏང་པའ་ཚེ་ ,3.264,1,transcribing,3418375
STT_AM_AB1684_0121_1082174_to_1084924,https://monlam-ai-stt.s3.amazonaws.com/STT_AM_AB1684_0121_1082174_to_1084924.wav,ངིས་དུན་ཅིན། ྐུ་དུར།  ,2.75,1,transcribing,3418376
STT_AM_AB1684_0122_1088534_to_1091638,https://monlam-ai-stt.s3.amazonaws.com/STT_AM_AB1684_0122_1088534_to_1091638.wav,ྤྲུས་བཞི་སྟོང་ཚུན་ྒྲུག་པ་འོད་གཅིག་ྱུ་རྒྱལ་ཆེན་པོ་གཞི་དང་།  ,3.104,1,transcribing,3418377
STT_AM_AB1684_0123_1101141_to_1104870,https://monlam-ai-stt.s3.amazonaws.com/STT_AM_AB1684_0123_1101141_to_1104870.wav,ཆུས་ཆ་ཕལ། བཙུ་རོག་པོན་དགའ་གནང་ཤོག་བཅེར་གི་ ,3.729,1,transcribing,3418378
STT_AM_AB1684_0124_1111570_to_1115282,https://monlam-ai-stt.s3.amazonaws.com/STT_AM_AB1684_0124_1111570_to_1115282.wav,ཆུར་སྤུལ་དང་། སྨན་ཁང་འཛིགས་པ་སོགས་མང་ཚོགས་ལ་ཕན་པའི་ཀླི་འདུམ་ ,3.712,1,transcribing,3418379
STT_AM_AB1684_0125_1119923_to_1125458,https://monlam-ai-stt.s3.amazonaws.com/STT_AM_AB1684_0125_1119923_to_1125458.wav,་རང་རང་ང་ནི་སྤྱི་ཚོགས་ཀྱི་ཋོསིཐན་དང་ཧིཡན་ཁོ་ཡིག་སྲོང་ྱིབ་རྗེས་ལ་ཕ་པི་ལི་ཛི་རྐང་མང་ ,5.535,1,transcribing,3418380
STT_AM_AB1684_0126_1127041_to_1129345,https://monlam-ai-stt.s3.amazonaws.com/STT_AM_AB1684_0126_1127041_to_1129345.wav,ལྷག་པར་ར་ལ་ཆོན་ཁག་གི་འུད་ནང་གི་འོད་མོའ་ ,2.304,1,transcribing,3418381
STT_AM_AB1684_0127_1135600_to_1143210,https://monlam-ai-stt.s3.amazonaws.com/STT_AM_AB1684_0127_1135600_to_1143210.wav,ཧུ་ཅན་གིས་ན་ཝ་དུན་གི་པི་ལྷོ་ཏ་ནནང་ྱིར། ཏེ་ྗིན་ཡ་ཧི་སོགས་ཆེས་ལིག་གཞན་གྱི་སྤྱི་ཚོགས་ཤབ་ཞི།  ,7.61,1,transcribing,3418382
STT_AM_AB1684_0128_1143649_to_1145775,https://monlam-ai-stt.s3.amazonaws.com/STT_AM_AB1684_0128_1143649_to_1145775.wav,སླད་དུ་ནག་ྣང་དང་ལ་དམིག་བཔོལ་དང་།  ,2.126,1,transcribing,3418383
STT_AM_AB1684_0129_1147564_to_1153150,https://monlam-ai-stt.s3.amazonaws.com/STT_AM_AB1684_0129_1147564_to_1153150.wav,སོག་ལྷལ། ཕྱི་བདེའི་ཁང་ནི་ཀྲ་ཙིན་སྒྲིག་འཛིགས་ཀྱི་ཡིག་ཤི་ཚོགས་པ་ལྟ་བུར་ ,5.586,1,transcribing,3418384
STT_AM_AB1684_0130_1153352_to_1155698,https://monlam-ai-stt.s3.amazonaws.com/STT_AM_AB1684_0130_1153352_to_1155698.wav,ང་སྣང་སུ་གཏོང་ཐབ་བཞུང་ན་ལ།  ,2.346,1,transcribing,3418385
STT_AM_AB1685_0001_891_to_8822,https://monlam-ai-stt.s3.amazonaws.com/STT_AM_AB1685_0001_891_to_8822.wav,འོ་ྲི་གཞོན་ཙིའ་ཚོར་ཁྱི་གྱིག་ས་བ་ན་བཟང་པོ་འཇག་ཐབ་སུ་སློབ་གྲྭ་ཁག་ཏུ་འོད་ཀཅི་ཆོར་རྒྱུལ་ཆེན་པོ་གཞི་དང་ཡང་ཁྲུང་འོན་གྱི་ཚང་མས་ ,7.931,1,transcribing,3418386
STT_AM_AB1685_0002_9464_to_12450,https://monlam-ai-stt.s3.amazonaws.com/STT_AM_AB1685_0002_9464_to_12450.wav,ཆིབས་ལྗོང་དང་། ཁྲིམ་ཐའ་ྔོ་ྲུ་ལག་གནང་ཐུམ་ཁུན།  ,2.986,1,transcribing,3418387
STT_AM_AB1685_0003_19487_to_24904,https://monlam-ai-stt.s3.amazonaws.com/STT_AM_AB1685_0003_19487_to_24904.wav,སྟོན་གདམ་དེ་ཙམ་ནང་གོད་མེད་པའི་མཐོང་ཚལ་ལབ་ྟེ་ཆེས་རིག་ལིས་ཁོངས་དང་ཕྱུར་སྡེ་ཁག་གི་ཕྱུར་གི་ ,5.417,1,transcribing,3418388
STT_AM_AB1685_0004_25799_to_31992,https://monlam-ai-stt.s3.amazonaws.com/STT_AM_AB1685_0004_25799_to_31992.wav,མི་འདྲོ་ཚད་ལདན་འབྱུང་ཐུབ་གནང་བྱེས། གཞོན་གཅིག་ཚུག་ཕྱིར། མུ་ི་ྱ་ཕོ་མོ་ཚོགས་མུ་སྐུར་ ,6.193,1,transcribing,3418389
STT_AM_AB1685_0005_32245_to_34933,https://monlam-ai-stt.s3.amazonaws.com/STT_AM_AB1685_0005_32245_to_34933.wav,ནང་ཆིའ་སྔོ་སྤྲོད་ཀྱི་ས་སྦྱོང་སྐུ་སྒྲིག་ཞིག་ནི།  ,2.688,1,transcribing,3418390
STT_AM_AB1685_0006_37109_to_39349,https://monlam-ai-stt.s3.amazonaws.com/STT_AM_AB1685_0006_37109_to_39349.wav,ཤེས་རིག་ལིས་ཁོངས་དང་ཕྱུ་སྡིའ་ཁག་རྟན་ྲིག་ ,2.24,1,transcribing,3418391
STT_AM_AB1685_0007_47955_to_51719,https://monlam-ai-stt.s3.amazonaws.com/STT_AM_AB1685_0007_47955_to_51719.wav,ལྷོ་ྲི་ཀྲང་རཅིས་ལ་ནང་ཆིའི་སྔོ་སྤྲི་ལ་ ,3.764,1,transcribing,3418392
STT_AM_AB1685_0008_52225_to_56427,https://monlam-ai-stt.s3.amazonaws.com/STT_AM_AB1685_0008_52225_to_56427.wav,ཨ་ནང་ཚེས་ཕན་རླབས་ཆེན་པོ་འབྱོང་རྒྱུར་བརྟེན། ཆུ་སྡེའ་སོ་སོས་དིས་དུན་ ,4.202,1,transcribing,3418393
STT_AM_AB1685_0009_58654_to_63295,https://monlam-ai-stt.s3.amazonaws.com/STT_AM_AB1685_0009_58654_to_63295.wav,ཐབ་པ་གནང་བྱས། ཆོས་རྒྱུལ་ཆེན་པོའ་གཞི་དང་ཡང་གྲོང་ཝོན་གྱིས་ཁོང་སོ་སོ་ནས་ཡ་རང་ཁོང་ ,4.641,1,transcribing,3418394
STT_AM_AB1685_0010_64189_to_67649,https://monlam-ai-stt.s3.amazonaws.com/STT_AM_AB1685_0010_64189_to_67649.wav,གོ་ྲི་ལོ་གླ་ཆིན་གནང་པའི་འོད་ྱི་གཞོན་སྤྱི་ཚོར་ཆེད་ཏ་མ་གི་ནི་ ,3.46,1,transcribing,3418395
STT_AM_AB1685_0011_68678_to_71834,https://monlam-ai-stt.s3.amazonaws.com/STT_AM_AB1685_0011_68678_to_71834.wav,གོ་དི་སུང་ཆིས་རྩལ་བ་སྙན་ྲིན་ཨོ་ད་ར་ནང་།  ,3.156,1,transcribing,3418396
STT_AM_AB1685_0012_77147_to_81371,https://monlam-ai-stt.s3.amazonaws.com/STT_AM_AB1685_0012_77147_to_81371.wav,པ་ལིན་གྱིས་འགྲེན་སྤེལ་དང་། ཏེབ་ཞིན་ནང་ཆེ་གྱི་ྐོུ་ྟོག་དངན་པའི་ཤེར་གྱི་ལ་དམ་རིག་ ,4.224,1,transcribing,3418397
STT_AM_AB1685_0013_89940_to_94581,https://monlam-ai-stt.s3.amazonaws.com/STT_AM_AB1685_0013_89940_to_94581.wav,ཅ་ཝི་ལཊན་ཁམ་བོ། གི་བཞི་སོགས་གདན་བ་ཡོང་ནས་ཝོདོན།  ,4.641,1,transcribing,3418398
STT_AM_AB1685_0014_96184_to_99694,https://monlam-ai-stt.s3.amazonaws.com/STT_AM_AB1685_0014_96184_to_99694.wav,ཐབ་ཀུར་སྔར་ལྷག་འོ་ྣང་ཤོག་བཅར་གིའ་སྐུར། གྲི་ཤུལ།  ,3.51,1,transcribing,3418399
STT_AM_AB1685_0015_108452_to_112300,https://monlam-ai-stt.s3.amazonaws.com/STT_AM_AB1685_0015_108452_to_112300.wav,བསམ་བ་རྣམས་ཀྱང་འབྲུབ་བཞིས་གསུང་བ་བཞིན།  ,3.848,1,transcribing,3418400
STT_AM_AB1685_0016_112469_to_117329,https://monlam-ai-stt.s3.amazonaws.com/STT_AM_AB1685_0016_112469_to_117329.wav,ཆོས་དགན་འདིན་པ་ནང་པའི་གཙོ་བོ་གདམ་པའི་ཕྱིས་འདིལ་བ་གཞིར་བཟུང་།  ,4.86,1,transcribing,3418401
STT_AM_AB1685_0017_117784_to_122610,https://monlam-ai-stt.s3.amazonaws.com/STT_AM_AB1685_0017_117784_to_122610.wav,རང་ཁྲི་ཆིབས་ཤོག་ཀྱིས་འགན་ཁར་བཤེས་རྒྱོད་དང་། འོ་ལུས་ཅ་གིར་ཁན་གྱི་གདོན་དོན་ ,4.826,1,transcribing,3418402
STT_AM_AB1685_0018_123167_to_127470,https://monlam-ai-stt.s3.amazonaws.com/STT_AM_AB1685_0018_123167_to_127470.wav,བཅིམ་མཐུན་གྱི་བསོད་ནམས་སོགས་པའི་ཕྲིན་ལིས་ལ། སྔར་ལྷག་པན་འབོམ།  ,4.303,1,transcribing,3418403
STT_AM_AB1685_0019_129344_to_132617,https://monlam-ai-stt.s3.amazonaws.com/STT_AM_AB1685_0019_129344_to_132617.wav,རང་གཞོང་ཕོ་མོ་ཚང་མི་ཆོས་རྒྱིལ་ཕན་སིན་བ་ཐ་ལ་ ,3.273,1,transcribing,3418404
STT_AM_AB1685_0020_133394_to_135537,https://monlam-ai-stt.s3.amazonaws.com/STT_AM_AB1685_0020_133394_to_135537.wav,འདམ་རྩིན་མ་ཡོང་སྡོམ། ཐོག་ ,2.143,1,transcribing,3418405
STT_AM_AB1685_0021_137764_to_141797,https://monlam-ai-stt.s3.amazonaws.com/STT_AM_AB1685_0021_137764_to_141797.wav,མང་ཧིས་དང་ཤ་ྲིན་ཤི་མི་འགྲོ་བ། ཤ་ཅན།  ,4.033,1,transcribing,3418406
STT_AM_AB1685_0022_143012_to_148514,https://monlam-ai-stt.s3.amazonaws.com/STT_AM_AB1685_0022_143012_to_148514.wav,འོ་ཤི་ན་གཉིས་ཟ་རབ་གཞུང་ཕོག་མིའི་སྣེ་འཁྲིལ། དེ་སྟན་སི་ལ་གཉིས་ཕན་གི་ ,5.502,1,transcribing,3418407
STT_AM_AB1685_0023_150825_to_157322,https://monlam-ai-stt.s3.amazonaws.com/STT_AM_AB1685_0023_150825_to_157322.wav,ཚད་མལ་ཤི་བའི་ལིང་ག་ན་སླ་པོ་ཆེ། ཙམ་དང་རཙུམ་བཞིན་པར་ཡི་རང་སྔགས་རྒྱུ་ཤེས་བྱད་དང་།  ,6.497,1,transcribing,3418408
STT_AM_AB1685_0024_157812_to_160562,https://monlam-ai-stt.s3.amazonaws.com/STT_AM_AB1685_0024_157812_to_160562.wav,ཨ་རང་གཞོང་ཕོ་མོ་རྣམས་ཕྱིད་སྲིལ་གྱིས་ ,2.75,1,transcribing,3418409
STT_AM_AB1685_0025_161372_to_166553,https://monlam-ai-stt.s3.amazonaws.com/STT_AM_AB1685_0025_161372_to_166553.wav,ལིང་གིན་ཁག་ནང་གཞི་ྐམ་ཐག་ཅིག་ཏུ་གདམ་པའི་ཕྱིས་འདིལ་བ་དང་། ཚད་མལ་ཤ་བའི་ ,5.181,1,transcribing,3418410
STT_AM_AB1685_0026_171126_to_173185,https://monlam-ai-stt.s3.amazonaws.com/STT_AM_AB1685_0026_171126_to_173185.wav,ྲི་ཞི་ཏོང་ཙི་ནུྱ་པ།  ,2.059,1,transcribing,3418411
STT_AM_AB1685_0027_173286_to_176543,https://monlam-ai-stt.s3.amazonaws.com/STT_AM_AB1685_0027_173286_to_176543.wav,གྲིན་ཚོགས་ཐང་ལ་དགེ་བའི་ཌི་ཆིལ། ནང་སལ། བཅོ་ནང་།  ,3.257,1,transcribing,3418412
STT_AM_AB1685_0028_177420_to_180762,https://monlam-ai-stt.s3.amazonaws.com/STT_AM_AB1685_0028_177420_to_180762.wav,ཆིམ་ལྗོང་ལོར་གྱི་ཤིམ་རྩིག་ཚོགས་ཆུང་འཛིག་གྱུར། དམག་མི་ ,3.342,1,transcribing,3418413
STT_AM_AB1685_0029_181251_to_186212,https://monlam-ai-stt.s3.amazonaws.com/STT_AM_AB1685_0029_181251_to_186212.wav,ཤུང་ཤང་། ཚོགས་ཆུང་གི་ཚོགས་མའི་ཐུལ། འོད་ཀཅི་ཆོ་རྒྱིལ་ཕྱིན་འབུའ་བཞི་དང་ཡང་ཁྲུང་འོན་གྱིས་ ,4.961,1,transcribing,3418414
STT_AM_AB1685_0030_195240_to_198160,https://monlam-ai-stt.s3.amazonaws.com/STT_AM_AB1685_0030_195240_to_198160.wav,མཛ་ཤོག་བཅོགསྐབས་དེར་ྐོ་གནང་བྱིན།  ,2.92,1,transcribing,3418415
STT_AM_AB1685_0031_200472_to_203003,https://monlam-ai-stt.s3.amazonaws.com/STT_AM_AB1685_0031_200472_to_203003.wav,དགོང་དེ་ནས་བཅོ་ནང་ཆིམ་ལྱོང་ལོར་གྱི་ྱིམ་གཅིག ,2.531,1,transcribing,3418416
STT_AM_AB1685_0032_203070_to_208454,https://monlam-ai-stt.s3.amazonaws.com/STT_AM_AB1685_0032_203070_to_208454.wav,ཚོགས་ཆུང་གོས་ཚོགས་མོ་ཀིད་བཞག་ཡོང་བ། གཞི་ཕྱིའི་རིག་རིག་གོང་ནས་ཕྱུགས་རྒྱལ་ཁབ་དག་བ་ཕྱིལ་ ,5.384,1,transcribing,3418417
STT_AM_AB1685_0033_211508_to_214343,https://monlam-ai-stt.s3.amazonaws.com/STT_AM_AB1685_0033_211508_to_214343.wav,སྙན་བསང་། སྔར་རྒྱིས་མཐོང་། རྒྱལ།  ,2.835,1,transcribing,3418418
STT_AM_AB1685_0034_216182_to_219794,https://monlam-ai-stt.s3.amazonaws.com/STT_AM_AB1685_0034_216182_to_219794.wav,ཤི་འབྲིག་སུ། བྱང་ཁྲོང་བོན་དང་དྒན་ལིགས་ས་ཅ།  ,3.612,1,transcribing,3418419
STT_AM_AB1685_0035_220469_to_227050,https://monlam-ai-stt.s3.amazonaws.com/STT_AM_AB1685_0035_220469_to_227050.wav,ཟིམ་ནས་ཚོགས་མ་ཀིད་ཞག་ཟིན་པ་དང་། དམཉང་མིའི་གོང་ནི་ཚོགས་མ་གཏོང་ཕྱིར་མིན་མཐུན་མག་ནང་།  ,6.581,1,transcribing,3418420
STT_AM_AB1685_0036_236665_to_238777,https://monlam-ai-stt.s3.amazonaws.com/STT_AM_AB1685_0036_236665_to_238777.wav,དགོ་བཅུ་དགྱད་སྒོ་ཁྲིད་བླ་ཆེ་ལ་སྐུ་ཚབ་ ,2.112,1,transcribing,3418421
STT_AM_AB1685_0037_243064_to_245849,https://monlam-ai-stt.s3.amazonaws.com/STT_AM_AB1685_0037_243064_to_245849.wav,གནང་བ་ཡོང་བི་ཡ་རི་ཀལ་སུ་འདུབ་ཞེས་རྒྱུ་ ,2.785,1,transcribing,3418422
STT_AM_AB1685_0038_246169_to_250169,https://monlam-ai-stt.s3.amazonaws.com/STT_AM_AB1685_0038_246169_to_250169.wav,ྲི་ཞིར་ཏུན་ཚི་ནར་དགད་པ། གཞན་ཡོང་ྲི་ཞིར་མ་འགོལ་པའི་སྐབས་ ,4.0,1,transcribing,3418423
STT_AM_AB1685_0039_253071_to_256362,https://monlam-ai-stt.s3.amazonaws.com/STT_AM_AB1685_0039_253071_to_256362.wav,ཁག་ཚོགས་རཙིས་དགའ་ཁྲོད་ཏམ། ྟན་ག་དེར་ཐག་ཤོལ་ ,3.291,1,transcribing,3418424
STT_AM_AB1685_0040_262352_to_264765,https://monlam-ai-stt.s3.amazonaws.com/STT_AM_AB1685_0040_262352_to_264765.wav,ལྷན་ཚོགས་འཛིན་སྐབས་ད་ད་འོད་ཏོབ་ྱུར་བཡིན།  ,2.413,1,transcribing,3418425
STT_AM_AB1685_0041_265626_to_271178,https://monlam-ai-stt.s3.amazonaws.com/STT_AM_AB1685_0041_265626_to_271178.wav,ཉོ་ཁྲོད་འདི་ལ་མ་རྟག་པ་དང་། མ་ཚང་བ་མང་པོ་ཞིག་གཡུ་ཚུལ་ལ་རིམ་བཞིན་ ,5.552,1,transcribing,3418426
STT_AM_AB1685_0042_271718_to_278367,https://monlam-ai-stt.s3.amazonaws.com/STT_AM_AB1685_0042_271718_to_278367.wav,རྟག་གཅིག་དང་ཚང་བ་གནང་ཐུབ་ན། བསྟན་པ་ལ་ཤ་བ་སླབ་པོ་ཕྱིན་ཡོང་ཀྱི་ྱི་འོད་ཀྱི་ྱོས་རྒྱུད་ཆེན་པོ་བཞི་དང་།  ,6.649,1,transcribing,3418427
STT_AM_AB1685_0043_278772_to_286500,https://monlam-ai-stt.s3.amazonaws.com/STT_AM_AB1685_0043_278772_to_286500.wav,ཡང་ཁྲུག་དབོན་གྱི་གོ་ཁྲིལ་ལ་ཆིན་རྣམ་པ་དང་། ལ་བཞིན་སྐུ་ཚབ་གྣམ་པ། ཁམ་བོ་སློབ་གྲྭ་རྣམ་པ་གྱིས་ད་འཛུམས་པའི་ཕྱིན་ཚོགས་ ,7.728,1,transcribing,3418428
STT_AM_AB1685_0044_287007_to_292710,https://monlam-ai-stt.s3.amazonaws.com/STT_AM_AB1685_0044_287007_to_292710.wav,ཐང་བཅས་པའི་དྲི་ཆོད་དུ། འོག་ལ་རྒྱ་ལོ་ཉི་ཤུ་བཏུང་གཅིག་རྒྱད་སམ་བྱས་སོ་ྒྲུག།  ,5.703,1,transcribing,3418429
STT_AM_AB1685_0045_294634_to_299309,https://monlam-ai-stt.s3.amazonaws.com/STT_AM_AB1685_0045_294634_to_299309.wav,ཚིག་གཅ་གཉིས་ཤི་ལོ་ཉིས་ཤུ་གཏོང་ཡོར་གྱི། ྤྱིར་ཟདག་ཟིན་པའི་ཚིགརྗེས་ལ།  ,4.675,1,transcribing,3418430
STT_AM_AB1685_0046_306767_to_310125,https://monlam-ai-stt.s3.amazonaws.com/STT_AM_AB1685_0046_306767_to_310125.wav,ྐུམ་ཁྲོང་བཅུ་བཞི་པ་ཆེན་པོ་མཆོག་ནི། བོས་སྦྱོང་ལྷ་བདེའི་མིར་འདི་ ,3.358,1,transcribing,3418431
STT_AM_AB1685_0047_326039_to_328148,https://monlam-ai-stt.s3.amazonaws.com/STT_AM_AB1685_0047_326039_to_328148.wav,གཏན་འབེལ་ཞི་བ་ཅིག་ཡོང་གྲགས་དམ་།  ,2.109,1,transcribing,3418432
STT_AM_AB1685_0048_330617_to_333273,https://monlam-ai-stt.s3.amazonaws.com/STT_AM_AB1685_0048_330617_to_333273.wav,ྟནན་སི་མ་རིག་དང་བྱིས་པའི་བླ་ན་མེད་པའི་བཀའ་འཁྲིད་དང་།  ,2.656,1,transcribing,3418433
STT_AM_AB1685_0049_340153_to_343513,https://monlam-ai-stt.s3.amazonaws.com/STT_AM_AB1685_0049_340153_to_343513.wav,འོ་ལ་མ་མང་གི་བཀའ་འཚི་བ་གནང་བའི་གང་ཆ་མིད་ལིག་གཅིག་ཧམ་ཤིག་ ,3.36,1,transcribing,3418434
STT_AM_AB1685_0050_347605_to_351554,https://monlam-ai-stt.s3.amazonaws.com/STT_AM_AB1685_0050_347605_to_351554.wav,ཐག་གཅིག་ཏུ་དངོར་རྒུལ་བཤར་རྒྱ་དང་འབྲེལ། མགོན་པོ་རྐང་གི་རྐང་ཁམས་ ,3.949,1,transcribing,3418435
STT_AM_AB1685_0051_354996_to_358132,https://monlam-ai-stt.s3.amazonaws.com/STT_AM_AB1685_0051_354996_to_358132.wav,ྤྱང་དེ་ྱི་སི་ལ་བར། དབུ་མིའ་ཕྱི་སི་ལ་གཉིས་རྒྱག་པ་ཁྲི་ ,3.136,1,transcribing,3418436
STT_AM_AB1685_0052_370074_to_372602,https://monlam-ai-stt.s3.amazonaws.com/STT_AM_AB1685_0052_370074_to_372602.wav,བཙན་ཤོལ་དབུག་མིའི་ཕྱི་འདེན་ལྷན་ཚོགས་ཀྱི་ཁྲིམས་ཡིག་ ,2.528,1,transcribing,3418437
STT_AM_AB1685_0053_379034_to_381466,https://monlam-ai-stt.s3.amazonaws.com/STT_AM_AB1685_0053_379034_to_381466.wav,བཙན་གཞི་བློབོ་མིའ་ཕྱི་བདུན་ལྷན་ཚོགས་ཀྱི་ཁྲིམས་ཡིག་ ,2.432,1,transcribing,3418438
STT_AM_AB1685_0054_411612_to_415409,https://monlam-ai-stt.s3.amazonaws.com/STT_AM_AB1685_0054_411612_to_415409.wav,རྒྱ་དང་སུམ་ྱི་ཚོ་ྒྲིགཤི་ལོ་ཉསྟང་དག་ཞི་པོ་ཞི་ ,3.797,1,transcribing,3418439
STT_AM_AB1685_0055_417349_to_419525,https://monlam-ai-stt.s3.amazonaws.com/STT_AM_AB1685_0055_417349_to_419525.wav,སྟོན་ཚུགས་ན་གཉིས་པ། ཁྲི་ཡིག་གི་འཆར་བཞིན།  ,2.176,1,transcribing,3418440
STT_AM_AB1685_0056_419781_to_422501,https://monlam-ai-stt.s3.amazonaws.com/STT_AM_AB1685_0056_419781_to_422501.wav,ཁྲིམས་ཡི་གེ་འདི་རཙན་གཞི་བློ་བ་མིི་བཅའ་ཁྲིམས་ཀྱིག་བཏོན་ཚིམས།  ,2.72,1,transcribing,3418441
STT_AM_AB1685_0057_435161_to_438041,https://monlam-ai-stt.s3.amazonaws.com/STT_AM_AB1685_0057_435161_to_438041.wav,འོད་གཞུང་ཕྱིར་ལིས་ཁུངས་ཀྱི་ྱ་ཁོང་སུ་གཡོད་པའི་ ,2.88,1,transcribing,3418442
STT_AM_AB1685_0058_438137_to_440953,https://monlam-ai-stt.s3.amazonaws.com/STT_AM_AB1685_0058_438137_to_440953.wav,ཕྱོགས་རྒྱིལ་ཆེན་པོའ་བཞི་དང་། ཡང་གྲོང་དཔོན་གྱིག་ལ་ཁྱབ་ ,2.816,1,transcribing,3418443
STT_AM_AB1685_0059_444754_to_450070,https://monlam-ai-stt.s3.amazonaws.com/STT_AM_AB1685_0059_444754_to_450070.wav,འགོ་བོ་འཛིགསཀ། ཁྲི་བ་ཡི་གི་འདུ་ཝུ་ལ་མ་མང་བཅོམ་ཐིད་ལྷན་ཚོགས་ཀྱི་ཏན་བབ་ཞིས་དེ།  ,5.316,1,transcribing,3418444
STT_AM_AB1685_0060_450289_to_452500,https://monlam-ai-stt.s3.amazonaws.com/STT_AM_AB1685_0060_450289_to_452500.wav,གོང་ས་སྤྱབས་གོན་ཆི་པི་བི།  ,2.211,1,transcribing,3418445
STT_AM_AB1685_0061_453681_to_456938,https://monlam-ai-stt.s3.amazonaws.com/STT_AM_AB1685_0061_453681_to_456938.wav,ཕྱོགས་ཆེན། རྩན་ཉིས་ནི་འགུ་འཛུགས་བཤད་རྒྱན།  ,3.257,1,transcribing,3418446
STT_AM_AB1685_0062_458744_to_461697,https://monlam-ai-stt.s3.amazonaws.com/STT_AM_AB1685_0062_458744_to_461697.wav,གླིད་བ་གཉིས་པ། ཕྱི་དོན་ལྷན་ཚོགས་བྱད་ག་སྒྲིག་ག་འཛིན་གི་ ,2.953,1,transcribing,3418447
STT_AM_AB1685_0063_463266_to_469814,https://monlam-ai-stt.s3.amazonaws.com/STT_AM_AB1685_0063_463266_to_469814.wav,སྟོན་ཚུ་ནར་ལྔ་པ། ཕྱིག་དོན་ལྷན་ཚོགས་འོ་ྱི་ཆོ་རྒྱད་ཆེན་པོ་བཞི་དུང་། ཡོང་ཁྲུ་ནུ་བན་ྱི་བའི་ཆིབས་ཕྱོག་ཀྱི་ཤར་བ་ ,6.548,1,transcribing,3418448
STT_AM_AB1685_0064_472986_to_478521,https://monlam-ai-stt.s3.amazonaws.com/STT_AM_AB1685_0064_472986_to_478521.wav,སྟངས་འཛིན་དང་། སྒྲིག་བཞ་གཏན་འབེབས་ཞེས་པའི་ཆི་ྟོན་ལྷན་ཚོགས་ཤིག་དགས་པ་ཡིན། སྟོན་འཚིན་སཀྲིག་པ།  ,5.535,1,transcribing,3418449
STT_AM_AB1685_0065_478960_to_486570,https://monlam-ai-stt.s3.amazonaws.com/STT_AM_AB1685_0065_478960_to_486570.wav,ཆོས་རྒྱུལ་ལྷན་ཚོགས་ཀྱིས་སྒྲུབ་ཆེ། རྩ་ན་ཤི་ལོ་བོ་མིའི་སྤྱི་མཐོན་ལྷན་ཚོགས་ཀྱིས་བསྒྲུབ་ཆེ། ཤམ་སིལ་དཀའ། ༧གོང་ས་སྐྱབས་མགོན་ཆེཡིན་པའི་ ,7.61,1,transcribing,3418450
STT_AM_AB1685_0066_489405_to_492359,https://monlam-ai-stt.s3.amazonaws.com/STT_AM_AB1685_0066_489405_to_492359.wav,ཁ་འོད་གྱི་ཆུ་རྒྱད་ཆེན་པོ་གཞི་དང་། ཡང་གྲོང་འོན་གྱི་ ,2.954,1,transcribing,3418451
STT_AM_AB1685_0067_495075_to_500762,https://monlam-ai-stt.s3.amazonaws.com/STT_AM_AB1685_0067_495075_to_500762.wav,གནང་པ་ཨམ། དེ་ྟག་གི་གི་དམིགས་བསལ་འགན་གང་སཀར་བའི་སྐུ་ཚེབ་གནང་པ། བཀའ་བཙན་ཤུལ།  ,5.687,1,transcribing,3418452
STT_AM_AB1685_0068_503834_to_510482,https://monlam-ai-stt.s3.amazonaws.com/STT_AM_AB1685_0068_503834_to_510482.wav,དོན་ཚི་ནུབ་དུ་པ། ཚོགས་མེི་འདིཡིན། འོད་ཀཅིའ་ཆོར་རྒྱུད་ཆེན་པོ་གཞི་དང་ཡོང་གྲོང་བོན་གྱི་འོད་པ་འཁྲིལ་རྣམས།  ,6.648,1,transcribing,3418453
STT_AM_AB1685_0069_511495_to_514870,https://monlam-ai-stt.s3.amazonaws.com/STT_AM_AB1685_0069_511495_to_514870.wav,རྗེས་སུ་ལ་རང་གི་ཆུར་རྒྱེད་ཀྱི་དབ་ཁྲིད་ཀྱིས་ཛ་གན་རི་བའི་ ,3.375,1,transcribing,3418454
STT_AM_AB1685_0070_515157_to_519105,https://monlam-ai-stt.s3.amazonaws.com/STT_AM_AB1685_0070_515157_to_519105.wav,རང་ཕྱི་མཐུན་ལྷན་ཚོགས་ཀྱི་སྟན་རྒཇ་ཚོགས་མ་ཡིན།  ,3.948,1,transcribing,3418455
STT_AM_AB1685_0071_519949_to_527256,https://monlam-ai-stt.s3.amazonaws.com/STT_AM_AB1685_0071_519949_to_527256.wav,འོད་ཀཅིའ་ཆུར་རྒྱི་ཆེན་པོ་གཞི་དང་ཡང་གྲོང་ཝོན་ྱིས་བའི་འོ་ཁྲིལ་ངོ་མ་ཚོགས་ཕེབས་མ་ཐུབ་སྐིབ་དམིགས་བསལ་འགན་ཁང་ ,7.307,1,transcribing,3418456
STT_AM_AB1685_0072_529180_to_531390,https://monlam-ai-stt.s3.amazonaws.com/STT_AM_AB1685_0072_529180_to_531390.wav,སྟོང་མང་ཆོག་པ་དང་། དི་ཏག་ ,2.21,1,transcribing,3418457
STT_AM_AB1685_0073_533955_to_537263,https://monlam-ai-stt.s3.amazonaws.com/STT_AM_AB1685_0073_533955_to_537263.wav,ཚོགས་དབྱིམས་རྣམས་ཡང་ན་ཚོགས་ཐིག་གཅིག་གི་ཕྱག་ཁིས་ ,3.308,1,transcribing,3418458
STT_AM_AB1685_0074_541819_to_544941,https://monlam-ai-stt.s3.amazonaws.com/STT_AM_AB1685_0074_541819_to_544941.wav,ཚོགས་དེ་རི་རི་ཞིན་ག་ཀང་ཀ་རི་བའི་སྐའ་ཚབ།  ,3.122,1,transcribing,3418459
STT_AM_AB1685_0075_545025_to_547827,https://monlam-ai-stt.s3.amazonaws.com/STT_AM_AB1685_0075_545025_to_547827.wav,གསར་ཀོད་གིས་པ་དང་། གང་ཟག་གཅིག་ལ་ཡང་ཡང་།  ,2.802,1,transcribing,3418460
STT_AM_AB1685_0076_551033_to_554594,https://monlam-ai-stt.s3.amazonaws.com/STT_AM_AB1685_0076_551033_to_554594.wav,གོང་ས་མཆོ་གོ་མཐའ་ཀྱིད་ཚོགས་མ་བླུག་གསུམ་རི་ཨེ་ནས།  ,3.561,1,transcribing,3418461
STT_AM_AB1685_0077_556990_to_560044,https://monlam-ai-stt.s3.amazonaws.com/STT_AM_AB1685_0077_556990_to_560044.wav,ཕི་ྱི་དང་། ཅ་ཏུ་ཐེ་ཀི་ཡག་གནང་བར་དག་བྱ་མིལ།  ,3.054,1,transcribing,3418462
STT_AM_AB1685_0078_568820_to_572052,https://monlam-ai-stt.s3.amazonaws.com/STT_AM_AB1685_0078_568820_to_572052.wav,ྤྱིའ་ཆུར་རྒྱུལ་ཆེན་པོ་ཞིག་དང་། ཡང་གྲོང་བུན་ྱི་བའི་སྐ་ཁྲིན་རྣམས་ ,3.232,1,transcribing,3418463
STT_AM_AB1685_0079_572532_to_575156,https://monlam-ai-stt.s3.amazonaws.com/STT_AM_AB1685_0079_572532_to_575156.wav,རིས་མིད་ཀྱི་ྱི་དུན་ལྷན་ཚོགས་ཀྱི་ཚོགས་གཙུ་དང་།  ,2.624,1,transcribing,3418464
STT_AM_AB1685_0080_576660_to_581204,https://monlam-ai-stt.s3.amazonaws.com/STT_AM_AB1685_0080_576660_to_581204.wav,དེ་ཡང་ཏིན་ལུག་གསུམ་རང་གྣང་རྗེས་དང་། སྔར་རྗེས་ཀྱི་སྐོ་རིམ་ ,4.544,1,transcribing,3418465
STT_AM_AB1685_0081_581556_to_583956,https://monlam-ai-stt.s3.amazonaws.com/STT_AM_AB1685_0081_581556_to_583956.wav,སན་དྲིག་གཅིག་ལམ་ནི་ཐག་གཅོད་ལ་བཞག་རྒྱུ།  ,2.4,1,transcribing,3418466
STT_AM_AB1685_0082_586724_to_591044,https://monlam-ai-stt.s3.amazonaws.com/STT_AM_AB1685_0082_586724_to_591044.wav,ཕེབས་མ་ཐོབ་སྐབས་ཚོགས་ཆེན་གྱི་ཚོགས་འདི་གཙོ་གཞི་ྱེན་བ་གནང་བྱས།  ,4.32,1,transcribing,3418467
STT_AM_AB1685_0083_593220_to_598924,https://monlam-ai-stt.s3.amazonaws.com/STT_AM_AB1685_0083_593220_to_598924.wav,ས་ཨང་ཚོགས་ཕབ་མ་ཐུབ་སྐབས་འོད་ཀྱི་ཆུ་རྒྱལ་ཆེན་པོ་གཞི་དང་ཡང་གྲོང་བོན་གྱི་བགོ་འཁྲིལ།  ,5.704,1,transcribing,3418468
STT_AM_AB1685_0084_599937_to_604257,https://monlam-ai-stt.s3.amazonaws.com/STT_AM_AB1685_0084_599937_to_604257.wav,དགོངས་ན་ཀྲིས་པ་སུ་ཡིན་གཞི་ཚོགས་གཙུགས་གནང་བྱིས།  ,4.32,1,transcribing,3418469
STT_AM_AB1685_0085_604527_to_608762,https://monlam-ai-stt.s3.amazonaws.com/STT_AM_AB1685_0085_604527_to_608762.wav,འོ་གཅི་ཆོ་རྒྱད་ཆེན་པོ་ཞ་དང་ཡང་གྲོང་ཝོན་གྱི་འོ་ྲི་ས་ཨང་།  ,4.235,1,transcribing,3418470
STT_AM_AB1685_0086_610770_to_612978,https://monlam-ai-stt.s3.amazonaws.com/STT_AM_AB1685_0086_610770_to_612978.wav,ཚོགས་ཕེབས་མ་ཐེབས་པུར་སྐ་ཚིབ་ཤང་པ།  ,2.208,1,transcribing,3418471
STT_AM_AB1685_0087_623950_to_628641,https://monlam-ai-stt.s3.amazonaws.com/STT_AM_AB1685_0087_623950_to_628641.wav,ྱི་ྟུན་ལྷན་ཚོགས་ྱས་རྗི་ལི་ཞིག་དགས་པའི་གྲུབ་ཆ། ཤམ་སིལ།  ,4.691,1,transcribing,3418472
STT_AM_AB1685_0088_629181_to_634784,https://monlam-ai-stt.s3.amazonaws.com/STT_AM_AB1685_0088_629181_to_634784.wav,འོ་ཅི་ཆུར་རྒྱ་ཆེན་པོ་གཞི་དང་བཡང་གྲོང་འོ་ིན་ཅི་གོ་ཁྲི་ལ་ནང་པི་ཀ་ཚི་བ་རི།  ,5.603,1,transcribing,3418473
STT_AM_AB1685_0089_635172_to_637197,https://monlam-ai-stt.s3.amazonaws.com/STT_AM_AB1685_0089_635172_to_637197.wav,བཙན་ཤོལ་བོ་བཞུང་གི་ཆིས་རིག་སྐབས་ལ།  ,2.025,1,transcribing,3418474
STT_AM_AB1685_0090_639340_to_641550,https://monlam-ai-stt.s3.amazonaws.com/STT_AM_AB1685_0090_639340_to_641550.wav,གཏོན་ཚིམས་བྱེད་པ་རྗེ་འདུས་ྱི་ལིིན།  ,2.21,1,transcribing,3418475
STT_AM_AB1685_0091_642122_to_645514,https://monlam-ai-stt.s3.amazonaws.com/STT_AM_AB1685_0091_642122_to_645514.wav,འོད་ཀྱིས་ཆུར་གྱི་ཆེན་པོ་གཞི་དང་། ཡང་ཁྲོམ་འོན་གྱིས་དབོ་འཁྲིད་གནང་བའི་ ,3.392,1,transcribing,3418476
STT_AM_AB1685_0092_654173_to_658544,https://monlam-ai-stt.s3.amazonaws.com/STT_AM_AB1685_0092_654173_to_658544.wav,ྗི་མིན་འགྲུ་ས་ཅ་ཏབ་ཀིད་ཞག་གནང་བར་དགག་བྱ་མེ།  ,4.371,1,transcribing,3418477
STT_AM_AB1685_0093_663066_to_666171,https://monlam-ai-stt.s3.amazonaws.com/STT_AM_AB1685_0093_663066_to_666171.wav,ལི་བོ་སུན་པ་ཕྱི་བཐུན་ལྷ་ཚོགས་ཅིན་ཚོགས་འདུ་ ,3.105,1,transcribing,3418478
STT_AM_AB1685_0094_671790_to_678743,https://monlam-ai-stt.s3.amazonaws.com/STT_AM_AB1685_0094_671790_to_678743.wav,ཕྱི་མྟུན་ལྷན་ཚོགས་ཀྱི་བྱར་ཞིན་ཚོགས་འདི་ལོག་རི་ནང་ཐང་རེས་ངེས་པར་དུ། ཚོགས་རྒད་ཁིང་། ཚོགས་འདུ་སྔར་རྒྱི་བར་ ,6.953,1,transcribing,3418479
STT_AM_AB1685_0095_680633_to_684413,https://monlam-ai-stt.s3.amazonaws.com/STT_AM_AB1685_0095_680633_to_684413.wav,པྱེད་ཀ་ཉི་ལི་མར་གི་ལོ་བར་གིས་ཚོགས་འདུ་སོ་སི་འགོ་འཛིགས།  ,3.78,1,transcribing,3418480
STT_AM_AB1685_0096_686151_to_692547,https://monlam-ai-stt.s3.amazonaws.com/STT_AM_AB1685_0096_686151_to_692547.wav,ཚོགས་ཚིག་གྱི་ཟླ་བ་སེམས་ཀྱི་སྔོན་ཚོགས། ཚིག་དང་། ཚོགས་དབྱལ། ཚོགས་འདིའ་སྙན་བཀྲངས།  ,6.396,1,transcribing,3418481
STT_AM_AB1685_0097_692580_to_694859,https://monlam-ai-stt.s3.amazonaws.com/STT_AM_AB1685_0097_692580_to_694859.wav,བྲི་བྱེད་རྗེསལ་ཅི་ཁོ་པི།  ,2.279,1,transcribing,3418482
STT_AM_AB1685_0098_695618_to_702975,https://monlam-ai-stt.s3.amazonaws.com/STT_AM_AB1685_0098_695618_to_702975.wav,ཚོགས་མྟ་ཚོགས་ཐི་གཡོངས་ལ། ཆི་ཏོ་ན་ཅིན་ལི་ནི་སྟོན་གི་སྟོན་ཚིམ་བཅག་གཉིས་པ། དམིག་སུལ་ཚོགས་འདུ་ ,7.357,1,transcribing,3418483
STT_AM_AB1685_0099_703684_to_709219,https://monlam-ai-stt.s3.amazonaws.com/STT_AM_AB1685_0099_703684_to_709219.wav,ལིས་དོན་ཀ་ཆི་དམིག་བསལ་ཚོགས་འདུ་དི་ཀོང་ཤ་གི་གཞུང་སི་ཆོས་རྒྱལ།  ,5.535,1,transcribing,3418484
STT_AM_AB1685_0100_718652_to_721404,https://monlam-ai-stt.s3.amazonaws.com/STT_AM_AB1685_0100_718652_to_721404.wav,ཆི་དོན་ལྷན་ཚོགས་ཀྱིག་ཚོགས་མ་སྲིད་ྐྱང་ག་དམིགས་བསལ།  ,2.752,1,transcribing,3418485
STT_AM_AB1685_0101_723260_to_725500,https://monlam-ai-stt.s3.amazonaws.com/STT_AM_AB1685_0101_723260_to_725500.wav,ཨ་རིའ་དིན་དོ་ནི་ཚོགས་རྩིག་བཀའ་འཁྲིད་དང་།  ,2.24,1,transcribing,3418486
STT_AM_AB1685_0102_736877_to_741855,https://monlam-ai-stt.s3.amazonaws.com/STT_AM_AB1685_0102_736877_to_741855.wav,གཟིག་ས་འོ་ཅི་ཆུར་རྒྱལ་ཆེན་པོའ་གཞི་དང་། ཡང་གྲོང་ཝོན་གྱི་སོ་སི་ཁ་ ,4.978,1,transcribing,3418487
STT_AM_AB1685_0103_746732_to_749095,https://monlam-ai-stt.s3.amazonaws.com/STT_AM_AB1685_0103_746732_to_749095.wav,ཁས་ཁང་། ག་ནས་ཡུལ་ལ་མ་ན་ཁ ,2.363,1,transcribing,3418488
STT_AM_AB1685_0104_752318_to_757583,https://monlam-ai-stt.s3.amazonaws.com/STT_AM_AB1685_0104_752318_to_757583.wav,གདན་གཤིས་ཀྱི་ཕྱིན་ཚོགས་འདུ་བཅར་གུ་ཚོགས་སྐོང་གནང་ཆོག ,5.265,1,transcribing,3418489
STT_AM_AB1685_0105_766194_to_768562,https://monlam-ai-stt.s3.amazonaws.com/STT_AM_AB1685_0105_766194_to_768562.wav,ཕྱི་མྟོན་ལྷན་ཚོགས་ཀྱིས་འགན་ཁང་ཁག་གཤམ་སིལ།  ,2.368,1,transcribing,3418490
STT_AM_AB1685_0106_768882_to_771488,https://monlam-ai-stt.s3.amazonaws.com/STT_AM_AB1685_0106_768882_to_771488.wav,འོད་ཀྱི་ཆོས་ྒྱེ་ཆེན་པོ་གཞི་དང་། ཡང་ཁྲོངས་འོད་ཀྱི་ ,2.606,1,transcribing,3418491
STT_AM_AB1685_0107_771825_to_779622,https://monlam-ai-stt.s3.amazonaws.com/STT_AM_AB1685_0107_771825_to_779622.wav,ལོང་རྟོག་གཅིག་བསྟན་པ་སྔན་མ་ལ་རྒྱུ་འཛིན་ཏང་། ཉན་པ་སོ་ཅིལ་ྟ་རྩ་ཆེ་འདིའི་ཁག་གི་གླང་དོ་ ,7.797,1,transcribing,3418492
STT_AM_AB1685_0108_782204_to_786000,https://monlam-ai-stt.s3.amazonaws.com/STT_AM_AB1685_0108_782204_to_786000.wav,ཁྲ་མ་ཡིག་སུང་རྩི་ཡོང་ཐུབ་པ་སེ། གཟིག་ཏོག ,3.796,1,transcribing,3418493
STT_AM_AB1685_0109_788093_to_792177,https://monlam-ai-stt.s3.amazonaws.com/STT_AM_AB1685_0109_788093_to_792177.wav,ལག་པ་ཐི་སུམ་ཅིན་འཁོར་ལོ་དང་། སྤོང་བ་བསམ་ཐུན་ཅིན་འཁོར་ལོ་གོང་འཕུལ།  ,4.084,1,transcribing,3418494
STT_AM_AB1685_0110_795467_to_798690,https://monlam-ai-stt.s3.amazonaws.com/STT_AM_AB1685_0110_795467_to_798690.wav,འོད་ཅི་ྱུར་རྒྱི་ཆེན་པོ་གཞི་དང་ཡང་གྲོངས་འོད་ྱི་རང་རང་གི་ ,3.223,1,transcribing,3418495
STT_AM_AB1685_0111_801593_to_805440,https://monlam-ai-stt.s3.amazonaws.com/STT_AM_AB1685_0111_801593_to_805440.wav,ཤེས་ཡུལ། མི་སཉམ་གོང་འཕུལ་དང་མཉམ་པ་སོར་གཅིག་ལ་ཡོང་ཐུབ་གནང་རྗེས།  ,3.847,1,transcribing,3418496
STT_AM_AB1685_0112_809609_to_813068,https://monlam-ai-stt.s3.amazonaws.com/STT_AM_AB1685_0112_809609_to_813068.wav,འོ་གཅིག་ཕཆོར་རྒྱལ་ཕྱིན་བ་བཞི་དང་ཡང་ཁྲོང་ཝོན་གྱི་རང་རང་གི་ ,3.459,1,transcribing,3418497
STT_AM_AB1685_0113_813507_to_816359,https://monlam-ai-stt.s3.amazonaws.com/STT_AM_AB1685_0113_813507_to_816359.wav,ངལ་ི་ཤན་ཧ་ཞི་དང་། ཁྱབ་པར་ཧི་ཅིན།  ,2.852,1,transcribing,3418498
STT_AM_AB1685_0114_824181_to_826293,https://monlam-ai-stt.s3.amazonaws.com/STT_AM_AB1685_0114_824181_to_826293.wav,སྙེག་རིག་གནང་ཞོག་ཅིག་ལ་སྟོག་འདམ་ ,2.112,1,transcribing,3418499
STT_AM_AB1685_0115_826709_to_829461,https://monlam-ai-stt.s3.amazonaws.com/STT_AM_AB1685_0115_826709_to_829461.wav,སྟང་འཛི་ནག་ནང་ྱིས། འོ་གཅིག་ཕྱུར་རྒྱལ་ཆེན་བོ་བཞི་དང་།  ,2.752,1,transcribing,3418500
STT_AM_AB1685_0116_829813_to_832501,https://monlam-ai-stt.s3.amazonaws.com/STT_AM_AB1685_0116_829813_to_832501.wav,ཡང་གྲོང་བོན་གྱིས་རང་རྣང་གི་གསོ་བཞིན་དང་འཐེམ་པིུ་ ,2.688,1,transcribing,3418501
STT_AM_AB1685_0117_836322_to_839579,https://monlam-ai-stt.s3.amazonaws.com/STT_AM_AB1685_0117_836322_to_839579.wav,གླང་ཆེར་ཀྲའ་ཤོག་ྱི་སྒྲིག་སོ་གཏན་འབེབ་དང་།  ,3.257,1,transcribing,3418502
STT_AM_AB1685_0118_840017_to_844253,https://monlam-ai-stt.s3.amazonaws.com/STT_AM_AB1685_0118_840017_to_844253.wav,ཏང་ང་རྩི་ནག་ག་ནང་ཆེན། འོད་ཅིག་ཆུར་གཞིལ་ཕྱེན་པ་ཞ་དང་ཡང་གྲོངས་ཝོན་ཅི་སོ་སི་ ,4.236,1,transcribing,3418503
STT_AM_AB1685_0119_844675_to_851644,https://monlam-ai-stt.s3.amazonaws.com/STT_AM_AB1685_0119_844675_to_851644.wav,ཁང་སླབ་དང་། ལི་ནི་ཀོ་ྲི་ཁ་གནང་ཕྱོག་བྱས་སྒྲིག་སུལ་གཏན་འབབས་པ་གནང་རྗེས། འོ་ཅིའ་ཕྱིར་རྒྱིལ་ཆེན་པོ་གཞི་དང་།  ,6.969,1,transcribing,3418504
STT_AM_AB1685_0120_866240_to_869024,https://monlam-ai-stt.s3.amazonaws.com/STT_AM_AB1685_0120_866240_to_869024.wav,ཞི་དང་ྱང་གྲོངས་འོན་གྱི་སོ་སོའི་ཕྱིན་ཚོགས་དང་།  ,2.784,1,transcribing,3418505
STT_AM_AB1685_0121_886491_to_888702,https://monlam-ai-stt.s3.amazonaws.com/STT_AM_AB1685_0121_886491_to_888702.wav,ཆིས་ལིཞན་ཏག་དང་མཉམ་དུ།  ,2.211,1,transcribing,3418506
STT_AM_AB1685_0122_891250_to_894254,https://monlam-ai-stt.s3.amazonaws.com/STT_AM_AB1685_0122_891250_to_894254.wav,སྤྱན་རིག་ྡེ་སི་ྤཅི་ལ་ཕེབས་པའི་ ,3.004,1,transcribing,3418507
STT_AM_AB1685_0123_896464_to_899738,https://monlam-ai-stt.s3.amazonaws.com/STT_AM_AB1685_0123_896464_to_899738.wav,འོ་ཅིག་ཕྱོགས་རྒྱུལ་ཆེན་བོ་བཞི་དང་ཡང་གྲོང་ཝོན་གྱིས་ཕ་སིན།  ,3.274,1,transcribing,3418508
STT_AM_AB1685_0124_903646_to_905790,https://monlam-ai-stt.s3.amazonaws.com/STT_AM_AB1685_0124_903646_to_905790.wav,གཞུང་རིག་གཙོ་པ་ཆིབས་ཕྱོག་སུ་ཤེས་བའི་ ,2.144,1,transcribing,3418509
STT_AM_AB1685_0125_908222_to_911534,https://monlam-ai-stt.s3.amazonaws.com/STT_AM_AB1685_0125_908222_to_911534.wav,འོད་ཅིག་ཆོར་རྒྱིག་ཆེན་པོ་གཞི་དང་ཡང་གྲུངས་འོན་གྱིས་རང་རང་གི་ ,3.312,1,transcribing,3418510
STT_AM_AB1685_0126_912057_to_916630,https://monlam-ai-stt.s3.amazonaws.com/STT_AM_AB1685_0126_912057_to_916630.wav,སྒྲི་མ་མེད་པའི་སྟན་པ་རིན་པོ་ཆེ་འཛིན་སྐྱོང་དཔལ་གསུམ་དང་འབྲེལ་བའི་ཁྱིམས་མཐུན་གྱིས་ཤར་བ་ ,4.573,1,transcribing,3418511
STT_AM_AB1685_0127_920427_to_922536,https://monlam-ai-stt.s3.amazonaws.com/STT_AM_AB1685_0127_920427_to_922536.wav,ལི་ཝར་ལང་པ། ཁྲོམ་ཡིག་ཤར་གྱིས་ ,2.109,1,transcribing,3418512
STT_AM_AB1685_0128_924679_to_926873,https://monlam-ai-stt.s3.amazonaws.com/STT_AM_AB1685_0128_924679_to_926873.wav,ཤར་གཅིགཁྲམ་ཡིག་གི་འདི་ལ་ཤར་གཅིག།  ,2.194,1,transcribing,3418513
STT_AM_AB1685_0129_931733_to_935091,https://monlam-ai-stt.s3.amazonaws.com/STT_AM_AB1685_0129_931733_to_935091.wav,ྟར་འོད་དམ་མང་ཤིམ་ཐིས་ལྷ་ཚོགས་ཀྱི་སྔོན་ལ་ཤིམ་དིས་ ,3.358,1,transcribing,3418514
STT_AM_AB1685_0130_938348_to_943545,https://monlam-ai-stt.s3.amazonaws.com/STT_AM_AB1685_0130_938348_to_943545.wav,མིན་ཐུ་བཞོང་ན་ཅར་ཀྱི་ཆོག་ྱས་གཅིས། སོཕྱིན་ཚོགས།  ,5.197,1,transcribing,3418515
STT_AM_AB1685_0131_944035_to_948456,https://monlam-ai-stt.s3.amazonaws.com/STT_AM_AB1685_0131_944035_to_948456.wav,ཐང་ྤྱ་བའི་ཚོགས་འཐུམས་ཁག་ག་སོར་སྐྱུང་བ་རྣང་པའི་མཚན་གསར་ཆ་ ,4.421,1,transcribing,3418516
STT_AM_AB1685_0132_953924_to_956657,https://monlam-ai-stt.s3.amazonaws.com/STT_AM_AB1685_0132_953924_to_956657.wav,ཀོལ་སར་ཤ་རྐུང་མ་རིན་ྲུ་ཆེན་མཆོག ,2.733,1,transcribing,3418517
STT_AM_AB1685_0133_957670_to_959847,https://monlam-ai-stt.s3.amazonaws.com/STT_AM_AB1685_0133_957670_to_959847.wav,ཁོ་ལ་རྒྱལ་བ་དྐར་མ་རིན་པོ་ཆེ་མཆོག ,2.177,1,transcribing,3418518
STT_AM_AB1685_0134_960285_to_962496,https://monlam-ai-stt.s3.amazonaws.com/STT_AM_AB1685_0134_960285_to_962496.wav,དམག་ར་ཁྲན་རཛེ་ན་རིང་པོ་ྱི་ཡོན་ཆོག ,2.211,1,transcribing,3418519
STT_AM_AB1685_0135_966749_to_968757,https://monlam-ai-stt.s3.amazonaws.com/STT_AM_AB1685_0135_966749_to_968757.wav,པ་ནོར་རིན་པོ་ཆེ་བཀའ་ཚུམ་མཁན་པོ།  ,2.008,1,transcribing,3418520
STT_AM_AB1685_0136_973836_to_976536,https://monlam-ai-stt.s3.amazonaws.com/STT_AM_AB1685_0136_973836_to_976536.wav,རྒྱར་ཁྲི་མཚུང་རིན་པོ་ཆེ་ཡོན་མཆོག ,2.7,1,transcribing,3418521
STT_AM_AB1685_0137_976823_to_982999,https://monlam-ai-stt.s3.amazonaws.com/STT_AM_AB1685_0137_976823_to_982999.wav,འགྲོ་ཕྱེ་ན་རིན་པོ་ཆེའ་བྐ་ཚམ་མཁན་པོ་འཇིག་ི་མི་ལོག་ྡོག་གྱིས། ཕྱིས་རིག་སྐབ་ལན་ཚེ་རིང་ཕན་ཚོགས་མཆོག ,6.176,1,transcribing,3418522
STT_AM_AB1685_0138_983759_to_991352,https://monlam-ai-stt.s3.amazonaws.com/STT_AM_AB1685_0138_983759_to_991352.wav,འོ་ཅི་ཆུར་རྒྱ་ཆེན་པོ་གཞི་དང་ཡང་གྲོང་འོན་ཀྱི་ཕྱི་ཚོགས་དང་བཅི་བར་ཕེབས་པའི་ཚོགས་མ་གནང་པའི་མཚན་གཞུང་།  ,7.593,1,transcribing,3418523
STT_AM_AB1685_0139_994424_to_996938,https://monlam-ai-stt.s3.amazonaws.com/STT_AM_AB1685_0139_994424_to_996938.wav,འགྲོལ་བ་ཁང་པེ་ནོ་རིན་པོ་ཆེ་སྐུ་ཚུབ་ཁའ་མོ།  ,2.514,1,transcribing,3418524
STT_AM_AB1685_0140_1003249_to_1006320,https://monlam-ai-stt.s3.amazonaws.com/STT_AM_AB1685_0140_1003249_to_1006320.wav,མང་ྒོང་། ཆུ་ཧོལ། རྟག་རློང་།  ,3.071,1,transcribing,3418525
STT_AM_AB1685_0141_1008717_to_1013239,https://monlam-ai-stt.s3.amazonaws.com/STT_AM_AB1685_0141_1008717_to_1013239.wav,ྩིྲིལ་རིན་པོ་ཆེའ་སྐད་ཚབ་ཤ་དུབ་ཡོདན། ཋི་ཆན།  ,4.522,1,transcribing,3418526
STT_AM_AB1685_0142_1013543_to_1016800,https://monlam-ai-stt.s3.amazonaws.com/STT_AM_AB1685_0142_1013543_to_1016800.wav,ཨ་ར་ྗོམ་རིན་པོ་ཆེ་སྐུ་ཙུམ་མཁན་པོ་ྱིར་མལ་ཚེ་ཁྲིམས།  ,3.257,1,transcribing,3418527
STT_AM_AB1685_0143_1038552_to_1041437,https://monlam-ai-stt.s3.amazonaws.com/STT_AM_AB1685_0143_1038552_to_1041437.wav,འགྲོ་ྱེ་ན་རིན་པོ་ཆེ་ ཀ་ཙམ་ཁམ་པོ་འཇིས་ཀི་མ་ལག་དོག་ར་ཅི།  ,2.885,1,transcribing,3418528
STT_AM_AB1685_0144_1044188_to_1046466,https://monlam-ai-stt.s3.amazonaws.com/STT_AM_AB1685_0144_1044188_to_1046466.wav,རྒྱལ་ཚབ་རིན་པོ་ཆེས་སྐུ་ཚབ་མཁན་པོ།  ,2.278,1,transcribing,3418529
STT_AM_AB1685_0145_1047968_to_1050364,https://monlam-ai-stt.s3.amazonaws.com/STT_AM_AB1685_0145_1047968_to_1050364.wav,ས་ྟ་རིན་པོ་ཆེའ་སྐད་ཚབ་ཁམ་པོ་པམ།  ,2.396,1,transcribing,3418530
STT_AM_AB1685_0146_1078832_to_1081600,https://monlam-ai-stt.s3.amazonaws.com/STT_AM_AB1685_0146_1078832_to_1081600.wav,རྫོང་སེ་ཆེན་རྩེ་རིན་པོ་ཆེ་བཀའ་ཚབ་མཁན་པོ།  ,2.768,1,transcribing,3418531
STT_AM_AB1685_0147_1085177_to_1087979,https://monlam-ai-stt.s3.amazonaws.com/STT_AM_AB1685_0147_1085177_to_1087979.wav,སྐུ་ངོ་ཀ་རིཊ་ཁ་དུ་རྒྱ་ལྡན་སིའ་སྐ་ཚབ་སོ་ཱོན།  ,2.802,1,transcribing,3418532
STT_AM_AB1685_0148_1090476_to_1092670,https://monlam-ai-stt.s3.amazonaws.com/STT_AM_AB1685_0148_1090476_to_1092670.wav,ས་ཅན་མཐོ་སླུང་མཁན་བོ་ཇ་དབྱང་ཡིན་པ།  ,2.194,1,transcribing,3418533
STT_AM_AB1685_0149_1101158_to_1104617,https://monlam-ai-stt.s3.amazonaws.com/STT_AM_AB1685_0149_1101158_to_1104617.wav,ས་ཤ་མར་གོན་ཤ་ྲི་ལྷོ་ཁུན་ཐུབ་ཏན་ྱབ་མཚན།  ,3.459,1,transcribing,3418534
STT_AM_AB1685_0150_1106912_to_1109511,https://monlam-ai-stt.s3.amazonaws.com/STT_AM_AB1685_0150_1106912_to_1109511.wav,ཨ་རིམ་བ་ཤ་ྲི་ཁ་པོ་མངའ་ཁང་རྒྱ་མཚོ།  ,2.599,1,transcribing,3418535
STT_AM_AB1685_0151_1131786_to_1134064,https://monlam-ai-stt.s3.amazonaws.com/STT_AM_AB1685_0151_1131786_to_1134064.wav,འབྲིས་སགོང་མང་མཁོན་པོ་སློབ་བཟོང་གསར་བཏོན།  ,2.278,1,transcribing,3418536
STT_AM_AB1685_0152_1134739_to_1137524,https://monlam-ai-stt.s3.amazonaws.com/STT_AM_AB1685_0152_1134739_to_1137524.wav,སེར་ཞིང་མཁན་པོ། སློ་བཟང་ཧ་ཌོན།  ,2.785,1,transcribing,3418537
STT_AM_AB1685_0153_1139110_to_1143059,https://monlam-ai-stt.s3.amazonaws.com/STT_AM_AB1685_0153_1139110_to_1143059.wav,སེ་མིལ་ཁན་བོ་བློ་བཟང་ཀར་དན། ཀྲ་ཁི་ལྷན་པྷི་ ,3.949,1,transcribing,3418538
STT_AM_AB1685_0154_1151918_to_1154871,https://monlam-ai-stt.s3.amazonaws.com/STT_AM_AB1685_0154_1151918_to_1154871.wav,ྗི་ཏལ་པོ་སོད་ནམས་ཧ་ཟང་།  ,2.953,1,transcribing,3418539
STT_AM_AB1685_0155_1155580_to_1158060,https://monlam-ai-stt.s3.amazonaws.com/STT_AM_AB1685_0155_1155580_to_1158060.wav,གནམ་གྲངས་མཁོན་པོ་བསོད་ནམས་ཚོང་རྒྱུས།  ,2.48,1,transcribing,3418540
STT_AM_AB1685_0156_1158432_to_1165097,https://monlam-ai-stt.s3.amazonaws.com/STT_AM_AB1685_0156_1158432_to_1165097.wav,རིགས་ལྷོབ་པ་འགན་འཛིན། གེ་བཞི་གཏམ་ཆིས་རྒྱ་མཚིན། དབོན་པོ། དམག་རའ་ཁྲོན་རཛི་ན་རིན་པོ་ཆེ།  ,6.665,1,transcribing,3418541
STT_AM_AB1685_0157_1166059_to_1171915,https://monlam-ai-stt.s3.amazonaws.com/STT_AM_AB1685_0157_1166059_to_1171915.wav,ལྷོ་ཧུམ་སྟ་འཛིན་ནང་རནམ་རྟག་རིན་པོ་ཆེ་དགོ་ཚབ། གི་བཞི་ཤ་གྲུབ་པའི་རྒྱ་མཚོ།  ,5.856,1,transcribing,3418542
STT_AM_AB1685_0158_1173670_to_1177163,https://monlam-ai-stt.s3.amazonaws.com/STT_AM_AB1685_0158_1173670_to_1177163.wav,ཤི་ཐོན་རབ་གསིལ། དབྱེཧ་བཞིའ་སྔོན་མ་རྡོ་འགྲུབ་ ,3.493,1,transcribing,3418543
STT_AM_AB1685_0159_1194865_to_1200332,https://monlam-ai-stt.s3.amazonaws.com/STT_AM_AB1685_0159_1194865_to_1200332.wav,ཆུ་རྒྱིལ་སྤྱིམ་མཐིས། བཞིན་ལིག་རྣམ་པ། མཉང་མིའ་ྤྱིམ་མཐི་སོད་ནམས་སྟན་འཕེལ།  ,5.467,1,transcribing,3418544
STT_AM_AB1685_0160_1200872_to_1205682,https://monlam-ai-stt.s3.amazonaws.com/STT_AM_AB1685_0160_1200872_to_1205682.wav,ཀ་ཅུལ་ཆིམ་ཐུ་སུ་ན་མོ་ཊ་དལ། སར་གཅི་ཆིམ་ཐུ། དགེ་བཞི་ཚེ་རིང་།  ,4.81,1,transcribing,3418545
STT_AM_AB1685_0161_1207285_to_1212010,https://monlam-ai-stt.s3.amazonaws.com/STT_AM_AB1685_0161_1207285_to_1212010.wav,ཨོ། གེ་ལིག་ཆེན་མ་ཐི། ཝ་ར་གེཧྥ་བཞི། ཇི་མ་ཁང་ྱས།  ,4.725,1,transcribing,3418546
STT_AM_AB1685_0162_1212887_to_1215756,https://monlam-ai-stt.s3.amazonaws.com/STT_AM_AB1685_0162_1212887_to_1215756.wav,དའོན་པའི་ྱིམ་མཐུའ་དགེ་བཞི་སྨོན་ལམ་མཐར་བཞིན།  ,2.869,1,transcribing,3418547
STT_AM_AB1685_0163_1224799_to_1227295,https://monlam-ai-stt.s3.amazonaws.com/STT_AM_AB1685_0163_1224799_to_1227295.wav,ཉི་ཤུ་སྟོང་གཅིག་བརྒྱ་གསུམ་བྱི་སོ་བརྒྱ་རབ་ནི་ ,2.496,1,transcribing,3418548
STT_AM_AB1685_0164_1238431_to_1241599,https://monlam-ai-stt.s3.amazonaws.com/STT_AM_AB1685_0164_1238431_to_1241599.wav,རྩ་བཞི་བར་སྙན་གྲངས་སམ་རང་འོ་གཅིག་ཆུ་གཅིག་ཆེན་བོ་བཞི་དང་།  ,3.168,1,transcribing,3418549
STT_AM_AB1685_0165_1252881_to_1255784,https://monlam-ai-stt.s3.amazonaws.com/STT_AM_AB1685_0165_1252881_to_1255784.wav,བཅར་བའི་ྲིར་ཞི་དང་ྲི་ཆུལ།  ,2.903,1,transcribing,3418550
