file_name,url,inference_transcript,audio_duration,text_length,state,group_id,id
STT_AM_AB1684_0001_2910_to_5310,https://monlam-ai-stt.s3.amazonaws.com/STT_AM_AB1684_0001_2910_to_5310.wav,33 ༢༽གཞན་ཡང་དགེ་སློབ་ཕལ་ཆེ་བས་དཔེ་ཁྲིད་དང་འབྲེལ་དགོངས་ཚུལ།,2.4,58,transcribing,1,3418256
STT_AM_AB1684_0002_5502_to_10462,https://monlam-ai-stt.s3.amazonaws.com/STT_AM_AB1684_0002_5502_to_10462.wav,དགེ་རྒན་གཅིག་གིས་ཉིན་རེར་འཛིན་གྲྭ་མང་པོར་སློབ་ཁྲིད་གནང་བ་དང་།འཛིན་གྲྭ་གཅིག་གི་སློབ་གཉེར་བར་དགེ་རྒན་མང་པོ་བདག་པ།དགེ་རྒན་,4.96,119,transcribing,1,3418257
STT_AM_AB1684_0003_14078_to_19358,https://monlam-ai-stt.s3.amazonaws.com/STT_AM_AB1684_0003_14078_to_19358.wav,ཕྱོགས་གཞན་དུ་ཕེབས་སྐབས་དགེ་རྒན་གཞན་སར་དཔེ་ཁྲིད་དུ་མི་འགྲོ་བ།འགའ་ཞིག་སྒྲ་འཇུག་འཁོར་ཐག་སོགས་ལ་བརྟེན་ནས་དངོས་སུ་དཔེ་ཁྲིད་དུ་མི་བཅར་མཁན་ཡོད་པ།,5.28,138,transcribing,1,3418258
STT_AM_AB1684_0004_22994_to_25138,https://monlam-ai-stt.s3.amazonaws.com/STT_AM_AB1684_0004_22994_to_25138.wav,གྲྭ་ཚང་རེར་སློབ་གཉེར་བ་མང་དག་ཅིག,2.144,32,transcribing,1,3418259
STT_AM_AB1684_0005_25170_to_28882,https://monlam-ai-stt.s3.amazonaws.com/STT_AM_AB1684_0005_25170_to_28882.wav,་གཞན་དབང་གིས་རང་མོས་དགེ་རྒན་སར་དཔེ་ཁྲིད་ལ་འགྲོ་མི་ཐུབ་པ་སོགས་ཀྱིས་དཔེ་,3.712,70,transcribing,1,3418260
STT_AM_AB1684_0006_31122_to_33362,https://monlam-ai-stt.s3.amazonaws.com/STT_AM_AB1684_0006_31122_to_33362.wav,ཁྲིད་ཉིན་ལྟར་མི་ཐོབ་པ་དང་།སློབ་ཚན་མི་རྫོགས་པའི་དཀའ་ངལ་མང་དག་ཅིག,2.24,63,transcribing,1,3418261
STT_AM_AB1684_0007_34000_to_39653,https://monlam-ai-stt.s3.amazonaws.com/STT_AM_AB1684_0007_34000_to_39653.wav,་ཡིག་ངག་གཉིས་ཐོག་ནས་ཕུལ་འབྱོར་བྱུང་བ་བཞིན་དོན་དངོས་སུ་སློབ་གཉེར་ལ་འགལ་རྐྱེན་གཙོ་བོ་ཞིག་ཏུ་མངོན་པ་མ་,5.653,99,transcribing,1,3418262
STT_AM_AB1684_0008_42452_to_45460,https://monlam-ai-stt.s3.amazonaws.com/STT_AM_AB1684_0008_42452_to_45460.wav,ཟད་དགེ་རྒན་རྣམ་པར་ཕྱག་དཔེ་ཟུར་གཟིགས་མི་ཐུབ་པའི་དཀའ་ངལ་ཆེ་བས་སེལ་ཐབས་འཕྲལ་དུ་གནང་དགོས་ཀྱང།,3.008,89,transcribing,1,3418263
STT_AM_AB1684_0009_48916_to_51156,https://monlam-ai-stt.s3.amazonaws.com/STT_AM_AB1684_0009_48916_to_51156.wav,མཐིལ་ཕྱིན་པ་ནི་དགེ་རྒན་རྣམ་པས་གཙོས་འབྲེལ་ཡོད་རྣམས་བཀའ་བསྡུར་ལྷུག་པོར་གནང་ནས,2.24,75,transcribing,1,3418264
STT_AM_AB1684_0010_55752_to_60392,https://monlam-ai-stt.s3.amazonaws.com/STT_AM_AB1684_0010_55752_to_60392.wav,་སེལ་དགོས་པ་དང་།གུང་གསེང་སྐབས་མ་གཏོགས་པ་དཔེ་ཁྲིད་སྟར་ཆགས་གནང་ཐབས་དང་།སློབ་གཉེར་བ་རྣམས་དཔེ་ཁྲིད་ལ་ཡོང་མིན་འབྱོར་ཐོ་འགོད་ཐུབ་པ་གནང་རྒྱུས་མཚོན་ཕྱག་བསྟར་གནང་དགོས་ཁག་མང་དུ་མངོན།,4.64,172,transcribing,1,3418265
STT_AM_AB1684_0011_70771_to_72883,https://monlam-ai-stt.s3.amazonaws.com/STT_AM_AB1684_0011_70771_to_72883.wav,༣༽གདན་ས་འདི་དག་ད་ལྟ་སྲོལ་རྒྱུན་དང་དེང་རབས་གཉིས་ཀྱི་བར་ན་ལྷུང་བ་འདི་ལས་,2.112,70,transcribing,1,3418266
STT_AM_AB1684_0012_73331_to_76083,https://monlam-ai-stt.s3.amazonaws.com/STT_AM_AB1684_0012_73331_to_76083.wav,སྐྱབས་ཏེ་མདོ་སྔགས་རིག་གནས་ཀྱིས་མཚོན་པའི་དེང་དུས་སྐད་ཡིག་,2.752,56,transcribing,1,3418267
STT_AM_AB1684_0013_77487_to_83545,https://monlam-ai-stt.s3.amazonaws.com/STT_AM_AB1684_0013_77487_to_83545.wav,རྣམས་དུས་དང་མཐུན་པར་ཁྲིད་ས་ཞིག་ཏུ་བསྒྱུར་དགོས་པའི་དགོངས་འཆར་ཕུལ་བ་བཞིན་དེ་དག་ལ་རྒྱུགས་སྤྲོད་ཡོད་ཙམ་མིན་པར་ཚད་ལྡན་གྱི་དགེ་རྒན་གཏན་འཇགས་ཟུར་འཛུགས་ཀྱིས་འཆར་ཅན་འཛིན་གྲྭའི་ལམ་ནས་སློབ་ཁྲིད་ཀྱང་གནང་དགོས་རྒྱུ་དང་།དེ་བཞིན་ལས་,6.058,216,transcribing,1,3418268
STT_AM_AB1684_0014_109043_to_112941,https://monlam-ai-stt.s3.amazonaws.com/STT_AM_AB1684_0014_109043_to_112941.wav,བྱེད་རིགས་ལའང་དུས་ཡུན་ཆུ་ཚོད་གཉིས་ཙམ་རང་བློར་གང་ལྕོགས་ཀྱི་སློབ་སྦྱོང་གི་གོ་སྐབས་དང་མཐུན་རྐྱེན་བསྐྲུན་དགོས།༤༽གཞན་ཡང་དགེ་སློབ་མང་ཆེ་བས་ཟླ་དྲུག་རྒྱུགས་སྤྲོད་དགོས་ཚུལ་དང་།,3.898,167,transcribing,1,3418269
STT_AM_AB1684_0015_120552_to_123252,https://monlam-ai-stt.s3.amazonaws.com/STT_AM_AB1684_0015_120552_to_123252.wav,བཀའ་པོད་རེའི་སློབ་གཉེར་ཐོན་མཚམས,2.7,31,transcribing,1,3418270
STT_AM_AB1684_0016_123505_to_125841,https://monlam-ai-stt.s3.amazonaws.com/STT_AM_AB1684_0016_123505_to_125841.wav,་རྒྱ་གཞུང་དང་རྗེ་ཡབ་སྲས་གསུམ་གྱི་གཞུང་ག,2.336,39,transcribing,1,3418271
STT_AM_AB1684_0017_128017_to_130961,https://monlam-ai-stt.s3.amazonaws.com/STT_AM_AB1684_0017_128017_to_130961.wav,ཙོ་བོར་བྱས་ཏེ་བཀའ་པོད་དེ་དང་དེའི་གཞུང་ཡོངས་རྫོགས་ལ་དགེ་ལུགས་རྒྱུགས་སྤྲོད་དང་མཐུན་པའི་,2.944,85,transcribing,1,3418272
STT_AM_AB1684_0018_132913_to_135057,https://monlam-ai-stt.s3.amazonaws.com/STT_AM_AB1684_0018_132913_to_135057.wav,རྒྱུགས་སྤྲོད་ཆེ་བ་རེ་ཡོད་རྒྱུ་གལ་ཆེ་བ་དང་།དེ་བཞིན་དུ,2.144,52,transcribing,1,3418273
STT_AM_AB1684_0019_138473_to_146438,https://monlam-ai-stt.s3.amazonaws.com/STT_AM_AB1684_0019_138473_to_146438.wav,་འཇང་དགུན་ཆོས་སོགས་དམ་བཅའ་ཆེ་ཁག་སྐབས་མང་པོ་སྡེབ་ལངས་ཀྱིས་རྩོད་རྒྱུ་དེའི་རིགས་ལ་བསྒྱུར་བཅོས་གཏོང་དགོས་པའི་དགོངས་འཆར་འདུག་ན།,7.965,122,transcribing,1,3418274
STT_AM_AB1684_0020_146978_to_151490,https://monlam-ai-stt.s3.amazonaws.com/STT_AM_AB1684_0020_146978_to_151490.wav,དགེ་སློབ་རྣམ་པའི་ཉམས་མྱོང་ལ་གཞིགས་པའི་དགོངས་འཆར་ལགས་པས་གྲྭ་ཚང་སོ་སོས་འཕྲལ་དུ་ཕྱག་བསྟར་གནང་གལ་ཆེ།,4.512,96,transcribing,1,3418275
STT_AM_AB1684_0021_157930_to_160950,https://monlam-ai-stt.s3.amazonaws.com/STT_AM_AB1684_0021_157930_to_160950.wav,༥༽དགེ་བཤེས་ཐོན་ཟིན་པ་རྣམས་ལ་རྒྱུད་གྲྭ་སྟོད་སྨད་སོ་སོར་འཆར་ཅན་གྱི་ཆོོས་ཐོག་འཁོར་རྗེས་ལོ་ག,3.02,88,transcribing,1,3418276
STT_AM_AB1684_0022_167171_to_169219,https://monlam-ai-stt.s3.amazonaws.com/STT_AM_AB1684_0022_167171_to_169219.wav,ཉིས་གསུམ་རིང་མུ་མཐུད་སྔགས་ཀྱི་གསན་བསམ་མཐིལ་ཕྱིན་པ་གནང་རྒྱུའི་མཐུན་རྐྱེན་དགོས་པའི་དགོངས་འཆར་དང་།,2.048,95,transcribing,1,3418277
STT_AM_AB1684_0023_170115_to_172643,https://monlam-ai-stt.s3.amazonaws.com/STT_AM_AB1684_0023_170115_to_172643.wav,དོན་གཉེར་ཅན་རྣམས་ལ་གཞུང་ཆེན་བཀའ་པོད་ལྔ་ཡིས་མཚོན་གནའ་དེང་གི,2.528,58,transcribing,1,3418278
STT_AM_AB1684_0024_177707_to_181003,https://monlam-ai-stt.s3.amazonaws.com/STT_AM_AB1684_0024_177707_to_181003.wav,་རིག་གནས་རིགས་གཅིག་རྐང་འཛིན་གྱི་སློབ་གཉེར་དང་ཞིབ་འཇུག་གནང་སའི,3.296,61,transcribing,1,3418279
STT_AM_AB1684_0025_182027_to_185355,https://monlam-ai-stt.s3.amazonaws.com/STT_AM_AB1684_0025_182027_to_185355.wav,་བསྟི་གནས་ཤིག་ཟུར་འཛུགས་ཀྱིས་དགེ་ལྡན་ཐུན་མོང་ནས་འཛིན་སྐྱོང་གནང་ན་དགེ་མཚན་ཆེ།,3.328,76,transcribing,1,3418280
STT_AM_AB1684_0026_187307_to_189707,https://monlam-ai-stt.s3.amazonaws.com/STT_AM_AB1684_0026_187307_to_189707.wav,ཇ༽བཙུན་དགོན་ཁག་སོ་སོ་དང་འབྲེལ་བའི་དགོངས་འཆར་,2.4,44,transcribing,1,3418281
STT_AM_AB1684_0027_196811_to_198859,https://monlam-ai-stt.s3.amazonaws.com/STT_AM_AB1684_0027_196811_to_198859.wav,ཕུལ་བ་ལ་གཞིགས་ཏེ་འབྱུང་འགྱུར་བྱེད་སྒོའི་བསམ་འཆར།༡༽ས་སྐྱ་བཙུན་དགོན་རིན་ཆེན་ཆོས་གླིང་།དགོན་པའི་བཤད་གྲྭ་གསར་འཛུགས་བྱ་རྒྱུའི་འཆར་གཞི་ཡོད་ཀྱང་།སློབ་,2.048,143,transcribing,1,3418282
STT_AM_AB1684_0028_206159_to_210377,https://monlam-ai-stt.s3.amazonaws.com/STT_AM_AB1684_0028_206159_to_210377.wav,གཉེར་བ་ལོ་ན་བཅོ་བརྒྱད་ནས་ཉེར་ལྔ་ལོན་པ་མ་གཏོགས་འཛུད་རྒྱུའི་དགོངས་གཞི་མི་འདུགའོན་ཀྱང་ལོ་ན་རྒན་པ་དོན་གཉེར་,4.218,103,transcribing,1,3418283
STT_AM_AB1684_0029_210428_to_212841,https://monlam-ai-stt.s3.amazonaws.com/STT_AM_AB1684_0029_210428_to_212841.wav,ཡོད་རིགས་རྣམས་ལ་གོ་སྐབས་མི་རེག་པ,2.413,32,transcribing,1,3418284
STT_AM_AB1684_0030_213364_to_216233,https://monlam-ai-stt.s3.amazonaws.com/STT_AM_AB1684_0030_213364_to_216233.wav,ས།ད་ཡོད་དགོན་པ་རྙིང་པ་རང་གི་ནང་དུ་བཤད་གྲ,2.869,40,transcribing,1,3418285
STT_AM_AB1684_0031_217785_to_221920,https://monlam-ai-stt.s3.amazonaws.com/STT_AM_AB1684_0031_217785_to_221920.wav,ྭ་འཛུགས་ཐུབ་ན་མི་ཚེ་དོན་དང་ལྡན་པ་ཡོང་བར་དགེ་མཚན་ཆེ་བའི་དགོངས་ཚུལ་བྱུང་སོང་ན།,4.135,76,transcribing,1,3418286
STT_AM_AB1684_0032_223982_to_226318,https://monlam-ai-stt.s3.amazonaws.com/STT_AM_AB1684_0032_223982_to_226318.wav,འཇམ་མགོན་ས་སྐྱ་པཎྜི་ཏས།རིག་པ་ནང་པར་འཆི་ཡང་བསླབ།།ཅེས་གསུངས་པ་ལྟར་བཙུན་མ་རང་གི་འདོད་པ་ཡོད་ན་ལོ་ཚད་དང་ས་གནས་གཞན་དུ་འཛུགས་པར་དགེ་མཚན་མ་མཐོང་ཞིང་།,2.336,141,transcribing,1,3418287
STT_AM_AB1684_0033_238575_to_241866,https://monlam-ai-stt.s3.amazonaws.com/STT_AM_AB1684_0033_238575_to_241866.wav,ད་ཡོད་དགོན་རང་དུ་འཛུགས་ན་མཐུན་རྐྱེན་མི་འདང་བ་མི་འདུག་ན,3.291,54,transcribing,1,3418288
STT_AM_AB1684_0034_242541_to_248549,https://monlam-ai-stt.s3.amazonaws.com/STT_AM_AB1684_0034_242541_to_248549.wav,་འབྲེལ་ཡོད་ནས་ཐུགས་བསམ་རྒྱ་ཆེར་བཞེས་ནས་ལོ་ཚད་ལ་མ་མ་ལྟོས་པར་ད་ཡོད་དགོན་པ་རང་དུ,6.008,77,transcribing,1,3418289
STT_AM_AB1684_0035_248599_to_251400,https://monlam-ai-stt.s3.amazonaws.com/STT_AM_AB1684_0035_248599_to_251400.wav,་འཛུགས་ཐབས་གནང་སྐྱོང་ཡོང་བ་ཞུ།༢༽བཙུན་དགོན་དགེ་ལྡན་ཆོས་གླིང་།,2.801,60,transcribing,1,3418290
STT_AM_AB1684_0036_255062_to_257718,https://monlam-ai-stt.s3.amazonaws.com/STT_AM_AB1684_0036_255062_to_257718.wav,ལམ་རིམ་བློ་སྦྱོང་ཉམས་ཁྲིད་གནང་མཁན་གྱི་ལམ་རིམ་དགེ་རྒན་ཚད་ལྡན་ཞིག,2.656,63,transcribing,1,3418291
STT_AM_AB1684_0037_271971_to_276207,https://monlam-ai-stt.s3.amazonaws.com/STT_AM_AB1684_0037_271971_to_276207.wav,་དགོས་པ་དང་།བཙུན་དགོན་འདི་བཞིན་གྲོང་སྡེའི་དཀྱིལ་དུ་ཆགས་པས་མི་མང་འགྲིམ་འགྲུལ་མང་བ་དང་།རྒྱུན་དུ་དོན་གནད་ཡོད་མེད་ཀྱི་མགྲོན་པོ་མང་པོར་སྣེ་ལེན་བྱེད་པ་འགལ་རྐྱེན་དུ་འདུག་ན།,4.236,165,transcribing,1,3418292
STT_AM_AB1684_0038_286688_to_289088,https://monlam-ai-stt.s3.amazonaws.com/STT_AM_AB1684_0038_286688_to_289088.wav,ཉེ་འབྲེལ་ཡིན་མིན་ལ་མ་ལྟོས་པར་མགྲོན་པོར་སྣེ་ལེན་དང་མཚན་སྡོད་བྱེད་པ་བཀག་འགོག་གནང་དགོས་པའི་དགོངས་འཆར་བྱུང་དོན་བཞིན་དགོན་པའི་ལས་སྣེ་རྣམས་ནས་འཕྲལ་དུ་ཕྱག་བསྟར་གནང་སྐྱོང་ཡོང་བ་ཞུ།,2.4,172,transcribing,1,3418293
STT_AM_AB1684_0039_301792_to_303904,https://monlam-ai-stt.s3.amazonaws.com/STT_AM_AB1684_0039_301792_to_303904.wav,༣༽བཙུན་དགོན་བྱང་ཆུབ་ཆོས་གླིང།མདོ་ཕྱོགས་ལ་སློབ་གཉེར་གྲུབ་མཚམས་སུ་སྔགས་ལ་ཡང་སློབ་གཉེར་གྱི་མཐུན་རྐྱེན་བསྐྲུན་དགོས་པའི་དགོངས་ཚུལ་བྱུང་སོང་ན།བཙུན་དགོན་འདིར་མདོ་ཕྱོགས་ཀྱི་སློབ་གཉེར་,2.112,175,transcribing,1,3418294
STT_AM_AB1684_0040_307493_to_314159,https://monlam-ai-stt.s3.amazonaws.com/STT_AM_AB1684_0040_307493_to_314159.wav,ཐོན་ཟིན་པའི་བཙུན་མ་རེ་ཟུང་ཡོད་མུས་ཟམ་མ་ཆད་པར་སྔགས་ལ་ཡང་སློབ་གཉེར་གནང་དགོས་པ་ཤིན་ཏུ་གལ་ཆེ་བས་དགོན་པའི་འཛིན་སྐྱོང་ནས་འཕྲལ་དུ་,6.666,123,transcribing,1,3418295
STT_AM_AB1684_0041_319626_to_325448,https://monlam-ai-stt.s3.amazonaws.com/STT_AM_AB1684_0041_319626_to_325448.wav,འཛུགས་ཐབས་གནང་རྒྱུ།༤༽བཙུན་དགོན་སྒྲོལ་མ་གླིང་།བཙུན་དགོན་འདི་བཞིན་དྷ་ས་གཙུག་ལག་ཁང་དང་རྒྱང་ཐག་རིང་བས་གཞི་གསུམ་གྱི་ཆོ་ག་,5.822,116,transcribing,1,3418296
STT_AM_AB1684_0042_336351_to_341151,https://monlam-ai-stt.s3.amazonaws.com/STT_AM_AB1684_0042_336351_to_341151.wav,རང་དགོན་དུ་བསྟར་ཆགས་ཚུགས་ཐུབ་པ་གལ་ཆེ་ཚུལ་གྱི་དགོངས་འཆར་བྱུང་བ་བཞིན་གཞི་གསུམ་གྱི་ཉམས་ལེན་བསྟན་པའི་གཞི་མ་ཡིན་པས།འབྲེལ་ཡོད་འཛིན་སྐྱོང་ནས་དགོན་པ་རང་དུ་,4.8,147,transcribing,1,3418297
STT_AM_AB1684_0043_355481_to_358937,https://monlam-ai-stt.s3.amazonaws.com/STT_AM_AB1684_0043_355481_to_358937.wav,ངེས་པར་ཚུགས་ཐུབ་ཐབས་གནང་དགོས།གཞན་ཡང་དགོན་པ་འདིར་ཕར་ཕྱིན་གྱི་ཡིག་ཆའི་དགེ་རྒན་,3.456,76,transcribing,1,3418298
STT_AM_AB1684_0044_359257_to_361881,https://monlam-ai-stt.s3.amazonaws.com/STT_AM_AB1684_0044_359257_to_361881.wav,མུ་མཐུད་བཞུགས་མཁན་མེད་པའི་དཀའ་ངལ་ལོ་མང་རིང་,2.624,43,transcribing,1,3418299
STT_AM_AB1684_0045_364109_to_369593,https://monlam-ai-stt.s3.amazonaws.com/STT_AM_AB1684_0045_364109_to_369593.wav,ཡོད་མུས་དང།ཕྱིས་འབྱུང་ཆོས་རིག་ནས་བསྐོ་བཞག་གནང་རྒྱུའི་རེ་སྐུལ་གནང་གི་འདུག་ན་མཐུན་འགྱུར་རང་ཁུངས་ནས་,5.484,97,transcribing,1,3418300
STT_AM_AB1684_0046_376410_to_383650,https://monlam-ai-stt.s3.amazonaws.com/STT_AM_AB1684_0046_376410_to_383650.wav,གནས་མུས་ཐོག་ཆོས་རིག་ནས་དགེ་རྒན་ཆ་རྐྱེན་ཚད་དང་ལྡན་པ་ཞིག་བསྐོ་བཞག་གནང་གལ་ཆེ་བ་བཅས་སོ།,7.24,83,transcribing,1,3418301
STT_AM_AB1684_0047_384207_to_386654,https://monlam-ai-stt.s3.amazonaws.com/STT_AM_AB1684_0047_384207_to_386654.wav,།།།དམིགས་བསལ་ཆོས་ཚོགས་ཐེངས་དང་པོའི,2.447,34,transcribing,1,3418302
STT_AM_AB1684_0048_387227_to_392340,https://monlam-ai-stt.s3.amazonaws.com/STT_AM_AB1684_0048_387227_to_392340.wav,་ཐོག་ཚོགས་བཅར་གནང་མཁན་གྱི་དབུ་ཁྲིད་བླ་ཆེན་རྣམ་པ་དང་སྐུ་ཚབ་རྣམས་ཀྱི་མཚན་གཞུང་།,5.113,77,transcribing,1,3418303
STT_AM_AB1684_0049_394990_to_399985,https://monlam-ai-stt.s3.amazonaws.com/STT_AM_AB1684_0049_394990_to_399985.wav,༡༽གྲུབ་དབང་པད་ནོར་རིན་པོ་ཆེའི་སྐུ་ཚབ་མཁན་སྤྲུལ་གྱང་ཁང་རིན་པོ་ཆེ།,4.995,64,transcribing,1,3418304
STT_AM_AB1684_0050_400457_to_403174,https://monlam-ai-stt.s3.amazonaws.com/STT_AM_AB1684_0050_400457_to_403174.wav,༢༽འཁྲུལ་ཞིག་རིན་པོ་ཆེའི་སྐུ་ཚབ་སྤྱི་ཟུར་བསྟན་སྐྱབས།༣༽དཔལ་རྒྱལ་,2.717,62,transcribing,1,3418305
STT_AM_AB1684_0051_409300_to_411494,https://monlam-ai-stt.s3.amazonaws.com/STT_AM_AB1684_0051_409300_to_411494.wav,བ་ཀརྨ་པ་རིན་པོ་ཆེ།༤༽འབྲི་གུང་སྐྱབས་མགོན་ཆེ་ཚང་རིན་པོ་ཆེ།༥༽འབྲུག་ཆེན་,2.194,68,transcribing,1,3418306
STT_AM_AB1684_0052_415409_to_418564,https://monlam-ai-stt.s3.amazonaws.com/STT_AM_AB1684_0052_415409_to_418564.wav,རིན་པོ་ཆེའི་སྐུ་ཚབ་མཁན་པོ་འཇིགས་མེད་རྡོ་རྗེ།,3.155,44,transcribing,1,3418307
STT_AM_AB1684_0053_418902_to_421551,https://monlam-ai-stt.s3.amazonaws.com/STT_AM_AB1684_0053_418902_to_421551.wav,༦༽དཔལ་ས་སྐྱ་བདག་ཁྲི་རིན་པོ་ཆེ།,2.649,30,transcribing,1,3418308
STT_AM_AB1684_0054_424302_to_427677,https://monlam-ai-stt.s3.amazonaws.com/STT_AM_AB1684_0054_424302_to_427677.wav,༧༽ངོར་ཀླུ་ལྡིང་མཁན་རིན་པོ་ཆེའི་སྐུ་ཚབ་འཇམ་དབྱངས་ཡེ་,3.375,51,transcribing,1,3418309
STT_AM_AB1684_0055_428993_to_433144,https://monlam-ai-stt.s3.amazonaws.com/STT_AM_AB1684_0055_428993_to_433144.wav,ཤེས།༨༽མཁན་པོ་ཀུན་དགའ་དབང་ཕྱུག་གི་སྐུ་ཚབ་མཁན་པོ་ཆོས་དབྱིངས་རྡོ་རྗེ།,4.151,66,transcribing,1,3418310
STT_AM_AB1684_0056_433262_to_435574,https://monlam-ai-stt.s3.amazonaws.com/STT_AM_AB1684_0056_433262_to_435574.wav,༩༽བྱང་རྩེ་ཆོས་རྗེ་རིན་པོ་ཆེ།,2.312,28,transcribing,1,3418311
STT_AM_AB1684_0057_437903_to_440384,https://monlam-ai-stt.s3.amazonaws.com/STT_AM_AB1684_0057_437903_to_440384.wav,༡༠༽ཤར་པ་ཆོས་རྗེ་རིན་པོ་ཆེ།,2.481,26,transcribing,1,3418312
STT_AM_AB1684_0058_441852_to_445919,https://monlam-ai-stt.s3.amazonaws.com/STT_AM_AB1684_0058_441852_to_445919.wav,༡༡༽སྨན་རི་ཁྲི་འཛིན་ལུང་རྟོགས་བསྟན་པའི་ཉི་མ་རིན་པོ་ཆེ།,4.067,53,transcribing,1,3418313
STT_AM_AB1684_0059_447488_to_454103,https://monlam-ai-stt.s3.amazonaws.com/STT_AM_AB1684_0059_447488_to_454103.wav,༡༢༽སློབ་དཔོན་བསྟན་འཛིན་རྣམ་དག་རིན་པོ་ཆེའི་སྐུ་ཚབ་དགེ་བཤེས་བཤད་སྒྲུབ་རྒྱ་མཚོ།,6.615,76,transcribing,1,3418314
STT_AM_AB1684_0060_473880_to_478251,https://monlam-ai-stt.s3.amazonaws.com/STT_AM_AB1684_0060_473880_to_478251.wav,༡༣༽ཆོས་རིག་བཀའ་བློན་ཟླ་རྒྱས་ཚང་ཚེ་རིང་ཕུན་ཚོགས།ཆོས་ཚོགས་ཐེངས་བཅུ་པའི་གྲོས་གཞི་གྲོས་ཆོད།༄༅།།ལོ་ལྔ་བཅུ་བཙན་བྱོལ་དུ་འདས་པའི་བོད་མིའི་སྐྱིད་སྡུག་དྲན་གསོ་དང་བསྟུན།,4.371,158,transcribing,1,3418315
STT_AM_AB1684_0061_478403_to_481289,https://monlam-ai-stt.s3.amazonaws.com/STT_AM_AB1684_0061_478403_to_481289.wav,བོད་རྒྱལ་ལོ་༢༡༣༦བོད་ཟླ་༡ཚེས་༡༠ནས་༡༢ཕྱི་ལོ་༢༠༠༩ཕྱི་ཟླ་༣ཚེས་༦ནས་༨བར,2.886,65,transcribing,1,3418316
STT_AM_AB1684_0062_481508_to_486233,https://monlam-ai-stt.s3.amazonaws.com/STT_AM_AB1684_0062_481508_to_486233.wav,་ཉིན་གསུམ་རིང་བོད་ཀྱི་ཆོས་བརྒྱུད་ཆེན་པོ་བཞི་དང་།གཡུང་དྲུང་བོན་བཅས་ཀྱི་དབུ་ཁྲིད་བླ་ཆེན་རྣམ་པ་དང་།མཁན་པོ།བླ་སྤྲུལ།སྐུ་ཚབ་བཅས་འདུས་པའི་ཆོས་ཚོགས་ཐེངས་བཅུ་པ་ཐེག,4.725,155,transcribing,1,3418317
STT_AM_AB1684_0063_505386_to_510584,https://monlam-ai-stt.s3.amazonaws.com/STT_AM_AB1684_0063_505386_to_510584.wav,་ཆེན་ཆོས་གླིང་ཕོ་བྲང་ཚོམས་ཆེན་དུ་བསྐྱངས་པའི་གྲོས་གཞི་དང་གྲོས་ཆོད་གཤམ་གསལ།,5.198,73,transcribing,1,3418318
STT_AM_AB1684_0064_516540_to_521097,https://monlam-ai-stt.s3.amazonaws.com/STT_AM_AB1684_0064_516540_to_521097.wav,གྲོས་གཞི་དོན་ཚན་དང་པོ།ཆོས་ཚོགས་ཐེངས་༩པའི་གྲོས་ཆོད་ལག་བསྟར་ཇི་གནང་བསྐྱར་ཞིབ་ཀྱིས་༸སྙན་སྒྲོན་ཞུ་རྒྱུ།གྲོས་ཆོད།,4.557,108,transcribing,1,3418319
STT_AM_AB1684_0065_532811_to_534859,https://monlam-ai-stt.s3.amazonaws.com/STT_AM_AB1684_0065_532811_to_534859.wav,ཀ༽ཆོས་ཚོགས་ཐེངས་༩པའི་གྲོས་ཆོད་ཁག་ཆོས་རིག་ལས་ཁུངས་དང་ཆོས་སྡེ་ཁགས་གནས་འགོ་འཛིན་བཅས་ནས་ལག་བསྟར་ཐུབ་པ་དང་མ་ཐུབ་པ་ཇི་བྱུང་དཔལ་ལྡན་ཆོས་རིག་བཀའ་བློན་མཆོག་ནས་ཡིག་ངག་གཉིས་ཐོག་ནས,2.048,168,transcribing,1,3418320
STT_AM_AB1684_0066_547995_to_553699,https://monlam-ai-stt.s3.amazonaws.com/STT_AM_AB1684_0066_547995_to_553699.wav,་༸སྙན་གསན་ཞུས་པ་ཚོགས་བཅར་བ་ཚང་མས་བློ་ངེས་བྱུང་ཞིང་།ལག་བསྟར་མ་ཐུབ་པ་རྣམས་འབྲེལ་ཡོད་ཚང་མས་མུ་མཐུད་མཇུག་གནོན་དང་ལག་བསྟར་ཞུ་རྒྱུ།ཁ༽ཆོས་ཚོགས་སྔ་མ་ཁག་གི་གྲོས་ཆོད་ནང་,5.704,159,transcribing,1,3418321
STT_AM_AB1684_0067_555539_to_557985,https://monlam-ai-stt.s3.amazonaws.com/STT_AM_AB1684_0067_555539_to_557985.wav,གསལ་ཆོས་བརྒྱུད་སོ་སོའི་ཆོས་འབྱུ,2.446,31,transcribing,1,3418322
STT_AM_AB1684_0068_559842_to_566642,https://monlam-ai-stt.s3.amazonaws.com/STT_AM_AB1684_0068_559842_to_566642.wav,ང་ཕྱོགས་བསྒྲིགས་ཀྱིས་ཆོས་རིག་ལས་ཁུངས་ལ་ཕུལ་འབྱོར་བྱུང་མཚམས་སློབ་གྲྭ་ཁག་ལ་འགྲེམས་སྤེལ་གནང་རྒྱུའི་ཐད།གཡུང་དྲུང་བོན་དང་,6.8,116,transcribing,1,3418323
STT_AM_AB1684_0069_566845_to_570034,https://monlam-ai-stt.s3.amazonaws.com/STT_AM_AB1684_0069_566845_to_570034.wav,རྙིང་མ།ས་སྐྱ།དགེ་ལུགས་བཅས་ཀྱི་ཆོས་འབྱུང་གནང་,3.189,44,transcribing,1,3418324
STT_AM_AB1684_0070_573055_to_576497,https://monlam-ai-stt.s3.amazonaws.com/STT_AM_AB1684_0070_573055_to_576497.wav,སོན་ཐོགབཀའ་བརྒྱུད་ཁོངས་འབྲི་གུང་བཀའ་བརྒྱུད་གཅིག་པུས་,3.442,52,transcribing,1,3418325
STT_AM_AB1684_0071_578674_to_580784,https://monlam-ai-stt.s3.amazonaws.com/STT_AM_AB1684_0071_578674_to_580784.wav,གཏན་ཉིན་སློབ་ཁག་གི་སློབ་དེབ་ནང་,2.11,31,transcribing,1,3418326
STT_AM_AB1684_0072_583028_to_586673,https://monlam-ai-stt.s3.amazonaws.com/STT_AM_AB1684_0072_583028_to_586673.wav,གསལ་འབྲེལ་ཆགས་ཆོས་འབྱུང་ལ་སྣོན་བཅོས་ཕྲན་བུ་དང་བཅས་གནང་འབྱོར,3.645,59,transcribing,1,3418327
STT_AM_AB1684_0073_592410_to_596849,https://monlam-ai-stt.s3.amazonaws.com/STT_AM_AB1684_0073_592410_to_596849.wav,་ལས་བཀའ་བརྒྱུད་སྤྱིའི་ཆོས་འབྱུང་གནང་སོན་མ་བྱུང་།སླད་བཀའ་བརྒྱུད་སྤྱིའི་ཆོས་འབྱུང་ཕུལ་འབྱོར་བྱུང་མཚམས་ཆོས་རིག་ལས་ཁུངས་ནས,4.439,118,transcribing,1,3418328
STT_AM_AB1684_0074_599042_to_603458,https://monlam-ai-stt.s3.amazonaws.com/STT_AM_AB1684_0074_599042_to_603458.wav,་ཕྱོགས་བསྒྲིགས་ཀྱིས་ཆོས་རྒྱུད་ཆེན་པོ་བཞི་དང་གཡུང་དྲུང་བོན་བཅས་སོ་སོས་མཐའ་མའི་ཞུ་དག་གྲུབ་མཚམས་དཔར་སྐྲུན་གྱིས་སློབ་གྲྭ་,4.416,117,transcribing,1,3418329
STT_AM_AB1684_0075_608492_to_613740,https://monlam-ai-stt.s3.amazonaws.com/STT_AM_AB1684_0075_608492_to_613740.wav,ཁག་ལ་འགྲེམས་སྤེལ་གནང་རྒྱུ།གྲོས་གཞི་དོན་ཚན་གཉིས་པ།ཆོས་རྒྱུད་ཁག་གི་དབང་ལྡན་སྐུ་ཚབ་ཡོད་པའི་བཙན་བྱོལ་བོད་མིའི་,5.248,106,transcribing,1,3418330
STT_AM_AB1684_0076_614095_to_616559,https://monlam-ai-stt.s3.amazonaws.com/STT_AM_AB1684_0076_614095_to_616559.wav,ཆོས་དོན་ལྷན་ཚོགས་ཤིག་འཛུགས་རྒྱུའི་ཁྲིམས་ཡིག་,2.464,44,transcribing,1,3418331
STT_AM_AB1684_0077_620609_to_624220,https://monlam-ai-stt.s3.amazonaws.com/STT_AM_AB1684_0077_620609_to_624220.wav,ཟིན་བྲིས་ཐོག་བཀའ་བསྡུར་གནང་རྒྱུ།གྲོས་ཆོད།ཆོས་ཚོགས,3.611,49,transcribing,1,3418332
STT_AM_AB1684_0078_624524_to_628012,https://monlam-ai-stt.s3.amazonaws.com/STT_AM_AB1684_0078_624524_to_628012.wav,་ཐེངས་༨དང་༩པའི་གྲོས་ཆོད་དགོངས་དོན་ད་ཡོད་ཆོས་བརྒྱུད་སྤྱི་འཐུས་རྣམས་སྤྱི་འཐུས་སུ་རང་གནས་ཐོགབཙན་བྱོལ,3.488,97,transcribing,1,3418333
STT_AM_AB1684_0079_634547_to_636606,https://monlam-ai-stt.s3.amazonaws.com/STT_AM_AB1684_0079_634547_to_636606.wav,་བོད་མིའི་ཆོས་དོན་ལྷན་ཚོགས་གསར་འཛུགས་གནང་རྒྱུའི་ཁྲིམས་ཡིག་,2.059,58,transcribing,1,3418334
STT_AM_AB1684_0080_639593_to_645347,https://monlam-ai-stt.s3.amazonaws.com/STT_AM_AB1684_0080_639593_to_645347.wav,ཟིན་བྲིས་བོད་གཞུང་ཆོས་རིག་ལས་ཁུངས་ནས་བཀོད་དེ།ཆོས་བརྒྱུད་ཆེན་པོ་བཞི་དང་གཡུང་དྲུང་བོན་བཅས་ཀྱི་དབུ་ཁྲིད་བླ་ཆེན་རྣམ་པ་དང་།,5.754,118,transcribing,1,3418335
STT_AM_AB1684_0081_647108_to_649636,https://monlam-ai-stt.s3.amazonaws.com/STT_AM_AB1684_0081_647108_to_649636.wav,རྒྱ་བལ་འབྲུག་གསུམ་ཁུལ་གྱི་དགོན་སྡེ་ཞལ་གྲངས,2.528,42,transcribing,1,3418336
STT_AM_AB1684_0082_650212_to_652484,https://monlam-ai-stt.s3.amazonaws.com/STT_AM_AB1684_0082_650212_to_652484.wav,་༢༣༣ལ་བཀྲམས་ཏེ་དགོངས་འཆར་བསྡུ་བཞེས་ཀྱིས་སྣོན་འཕྲི་གནང་ཟིན་ཚོགས་ཐོག་ཏུ་༸སྙན་གསན་བྱུང་བ་ལྟར།ཆོས་ཚོགས་ཐེངས་བཅུ་པ་འདིའི་ཐོག་ནས་ཐོག་མར་དོན་ཚན་སྤྱིའི་ཐོག་བགྲོ་གླེང་,2.272,158,transcribing,1,3418337
STT_AM_AB1684_0083_667601_to_670033,https://monlam-ai-stt.s3.amazonaws.com/STT_AM_AB1684_0083_667601_to_670033.wav,བསྡུས་ཙམ་དང།དེ་རྗེས་དོན་ཚན་རེ་རེ་བཞིན་གྲོས་བསྡུར་གྱིས་,2.432,54,transcribing,1,3418338
STT_AM_AB1684_0084_677899_to_683384,https://monlam-ai-stt.s3.amazonaws.com/STT_AM_AB1684_0084_677899_to_683384.wav,སྣོན་འཕྲི་སྤོར་གཅོག་གནང་འོས་གནང་སྟེ་ཟིན་བྲིས་གཏན་འབེབས་གནང་གྲུབ་པས།ཁྲིམས་ཡིག་གི་ནང་དོན་གཞིར་བཟུང་,5.485,97,transcribing,1,3418339
STT_AM_AB1684_0085_683974_to_688429,https://monlam-ai-stt.s3.amazonaws.com/STT_AM_AB1684_0085_683974_to_688429.wav,བོད་མི་མང་སྤྱི་འཐུས་ལྷན་ཚོགས་སུ་མཐའ་མའི་གཏན་འབེབས་སླད་འབུལ་རྒྱུ།,4.455,64,transcribing,1,3418340
STT_AM_AB1684_0086_691484_to_695922,https://monlam-ai-stt.s3.amazonaws.com/STT_AM_AB1684_0086_691484_to_695922.wav,༼བསྐྱར་བཅོས་གཏན་འབེབས་གནང་བའི་ཆོས་དོན་ལྷན་ཚོགས་ཀྱི་ཁྲིམས་ཡིག་ཟིན་བྲིས་ཟུར་དུ་ཤོག་གྲང,4.438,84,transcribing,1,3418341
STT_AM_AB1684_0087_698807_to_701220,https://monlam-ai-stt.s3.amazonaws.com/STT_AM_AB1684_0087_698807_to_701220.wav,ས་༨༡ནས་༩༠བར་ཡོད།,2.413,16,transcribing,1,3418342
STT_AM_AB1684_0088_705237_to_709845,https://monlam-ai-stt.s3.amazonaws.com/STT_AM_AB1684_0088_705237_to_709845.wav,༽གྲོས་གཞི་དོན་ཚན་གསུམ་པ།བོད་ཀྱི་ཆོས་བརྒྱུད་ཆེན་པོ་བཞི་དང་གཡུང་དྲུང་བོན་བཅས་པའི་དབུ་ཁྲིད་,4.608,88,transcribing,1,3418343
STT_AM_AB1684_0089_713621_to_716309,https://monlam-ai-stt.s3.amazonaws.com/STT_AM_AB1684_0089_713621_to_716309.wav,བླ་ཆེན་དང་།སྐུ་ཚབ་རྣམ་པའི་ལྷན་ཚོགས་སུ་ཆོས་ལུགས་ཆོས་བརྒྱུད་སོ་སོའི་བླ་སྤྲུལ་ངོས་འཛིན་གནང་ཕྱོགས་ཐོག་བཀའ་བསྡུར་དང་འབྲེལ་རྩ་འཛིན་ཡིག་ཆ་གཏན་འབེབས་གནང་བ་དེ་དག་ཡོངས་ཁྱབ་གསལ་བསྒྲགས་དང་།ཕྱག་བསྟར་གནང་ཕྱོགས་དམ་དོན་ཡོང་ཐབས་སྐོར་བཀའ་བསྡུར་གནང་རྒྱུ།གྲོས་ཆོད།ཀ༽ཕྱི་ལོ་༢༠༠༨ཟླ་༥ཚེས་༢།༣ཉིན་བོད་ཀྱི་ཆོས་བརྒྱུད་ཆེན་པོ་བཞི་དང་གཡུང་དྲུང་བོན་བཅས་པའི་དབུ་ཁྲིད་བླ་ཆེན་དང་སྐུ་ཚབ་རྣམ་པའི་ལྷན་ཚོགས,2.688,369,transcribing,1,3418344
STT_AM_AB1684_0090_719765_to_722165,https://monlam-ai-stt.s3.amazonaws.com/STT_AM_AB1684_0090_719765_to_722165.wav,་ཐོག་གཏན་འབེབས་གནང་བའི་བླ་སྤྲུལ་ངོས་འཛིན་གནང་ཕྱོགས་དང་འབྲེལ་བའི་རྩ་འཛིན་ཡིག་ཆ་དོན་ཚན་༣ཅན་དེ་བཞིན་ཡོངས་ཁྱབ་གསལ་བསྒྲགས་དང་།,2.4,121,transcribing,1,3418345
STT_AM_AB1684_0091_735458_to_737890,https://monlam-ai-stt.s3.amazonaws.com/STT_AM_AB1684_0091_735458_to_737890.wav,ལག་བསྟར་ཆེད་ཆོས་སྡེ་ཁག་ཡོངས་ལ་ཕུལ་ཟིན་ཞིང་།དེ་མིན་རྒྱ་ཡིག་དང་དབྱིན་ཡིགཧིན་དྷི་མཚོན་པའི་སྐད་ཡིག་གང་མང་ནང་བསྒྱུར་ཏེ་གཙོ་བོ་བོད,2.432,124,transcribing,1,3418346
STT_AM_AB1684_0092_763831_to_766711,https://monlam-ai-stt.s3.amazonaws.com/STT_AM_AB1684_0092_763831_to_766711.wav,་གཞུང་ཆོས་རིག་ལས་ཁུངས་དང་།ཆོས་རྒྱུད་སོ་སོའི་བླ་ཆེན་རྣམ་པས་དབུས་འབྲེལ་,2.88,69,transcribing,1,3418347
STT_AM_AB1684_0093_769935_to_772720,https://monlam-ai-stt.s3.amazonaws.com/STT_AM_AB1684_0093_769935_to_772720.wav,ཡོད་ཚང་མས།ཕྱི་ནང་མི་རིགས་གང་མང་ལ་གསལ་བསྒྲགས་,2.785,44,transcribing,1,3418348
STT_AM_AB1684_0094_776759_to_781047,https://monlam-ai-stt.s3.amazonaws.com/STT_AM_AB1684_0094_776759_to_781047.wav,རྒྱ་མི་ཆུང་བ་གནང་རྒྱུ།ཁ༽བོད་ཀྱི་ཆོས་བརྒྱུད་ཆེན་པོ་བཞི་དང་གཡུང་དྲུང་བོན་བཅས་སོ་སོའི་བླ་སྤྲུལ་ངོས་འཛིན་ཞུ་ཕྱོགས་རྩ་འཛིན་འདི་དང་ཡོངས་སུ་མཐུན་པ་གནང་རྒྱུ།,4.288,149,transcribing,1,3418349
STT_AM_AB1684_0095_785079_to_787767,https://monlam-ai-stt.s3.amazonaws.com/STT_AM_AB1684_0095_785079_to_787767.wav,ག༽རྒྱ་ནག་གཞུང་གིས་ཆབ་སྲིད་ཀྱི་དགོས་མཁོ་གཞི་བཟུང་,2.688,48,transcribing,1,3418350
STT_AM_AB1684_0096_791099_to_794427,https://monlam-ai-stt.s3.amazonaws.com/STT_AM_AB1684_0096_791099_to_794427.wav,སྤྲུལ་སྐུ་ངོས་འཛིན་བྱས་རིགས་རྣམས་ཆོས་བརྒྱུད་ཆེན་པོ་བཞི་དང་གཡུང་དྲུང་བོན་བཅས་སོ་སོས་མཁྱེན་རྟོགས་བྱུང་འཕྲལ།བོད་གཞུང་ཆོས་རིག་ལས་ཁུངས་ལ་སྙན་གསན་,3.328,140,transcribing,1,3418351
STT_AM_AB1684_0097_798572_to_802892,https://monlam-ai-stt.s3.amazonaws.com/STT_AM_AB1684_0097_798572_to_802892.wav,གྱིས་མཉམ་སྦྲེལ་ཐོག་ངོས་ལེན་མེད་པའི་གསལ་བསྒྲགས་གནང་རྒྱུ།གྲོས་གཞི་དོན་ཚན་བཞི་པ།,4.32,77,transcribing,1,3418352
STT_AM_AB1684_0098_806537_to_813574,https://monlam-ai-stt.s3.amazonaws.com/STT_AM_AB1684_0098_806537_to_813574.wav,ཆོས་ཚོགས་ཐེངས་༩པའི་གྲོས་ཆོད་ནང་གསལ་བོད་ཀྱི་ཆོས་བརྒྱུད་ཆེན་པོ་བཞི་དང་གཡུང་དྲུང་བོན་བཅས་སོ་སོར་དགེ་བཤེས་,7.037,102,transcribing,1,3418353
STT_AM_AB1684_0099_815869_to_819683,https://monlam-ai-stt.s3.amazonaws.com/STT_AM_AB1684_0099_815869_to_819683.wav,མའམ།མཁན་མོའི་མཚན་གནས་གཏན་འབེབས་གནང་ཕྱོག,3.814,39,transcribing,1,3418354
STT_AM_AB1684_0100_829862_to_833190,https://monlam-ai-stt.s3.amazonaws.com/STT_AM_AB1684_0100_829862_to_833190.wav,ས་ཐད་ཆོས་ཚོགས་ཐེངས་བཅུ་པ་བར་ཕར་འགྱངས་གནང་རྒྱུ་གསལ་དོན་བཞིན་ད་ལམ་ཇི་དགེ་བཀའ་བསྡུར་གནང་རྒྱུ།གྲོས་ཆོད།ཀ༽བོད་ཀྱི་ཆོས་བརྒྱུད་ཆེན་པོ་བཞི་དང་གཡུང་དྲུང་བོན་བཅས་སོ་སོའི་བཙུན་མའི་འདུས་སྡེའི་ཁོངས་,3.328,185,transcribing,1,3418355
STT_AM_AB1684_0101_837030_to_840710,https://monlam-ai-stt.s3.amazonaws.com/STT_AM_AB1684_0101_837030_to_840710.wav,ནས་སློབ་གཉེར་མཐར་སོན་པ་རྣམས་ལ།ཆོས་བརྒྱུད་སོ་སོའི་བསླབ་པ་མཐར་སོན་གྱི་རིམ་པ་དང་མཐུན་པར་མཚན་གནས་གསར་རྙིང་གང་འོས་འབུལ་འཐུས།,3.68,119,transcribing,1,3418356
STT_AM_AB1684_0102_847913_to_851177,https://monlam-ai-stt.s3.amazonaws.com/STT_AM_AB1684_0102_847913_to_851177.wav,ཁ༽མཚན་གནས་འབུལ་ཕྱོགས་ཀྱི་བརྒྱུད་རིམ་དང་ལམ་ལུགས་ཞིབ་ཕྲ་གསར་གཏོད་,3.264,63,transcribing,1,3418357
STT_AM_AB1684_0103_851561_to_855817,https://monlam-ai-stt.s3.amazonaws.com/STT_AM_AB1684_0103_851561_to_855817.wav,དགོས་པར་བརྟེན།བོད་ཀྱི་ཆོས་བརྒྱུད་ཆེན་པོ་བཞི་དང་གཡུང་དྲུང་བོན་བཅས་སོ་སོས་འཆར་གཞི་བཀོད་དེ་ཆོས་ཚོགས་ཐེངས་༡༡པའི་ཐོག་གཏན་འབེབས་གནང་རྒྱུ།གྲོས་གཞི་དོན་ཚན་ལྔ་པ།དམ་སྲི་དོལ་,4.256,163,transcribing,1,3418358
STT_AM_AB1684_0104_887639_to_890963,https://monlam-ai-stt.s3.amazonaws.com/STT_AM_AB1684_0104_887639_to_890963.wav,རྒྱལ་སྐོར་གཙོ་བོ་༸གོང་ས་༸སྐྱབས་མགོན་ཆེན་པོའི་དགོངས་གཞི་དང་རྒྱལ་སྤྱིའི་དགེ་ལྡན་ལྷན་ཚོགས།གདན་གསུམ་བཅས་པའི་གྲོས་ཆོད་ནང་དོན་ལྟར་གདན་གསུམ་གཙོས་ཆོས་སྡེ་ཁག་ནས།རང་དོན་རང་གཅེས་ཀྱིས་དེང་ལེགས་ཕྱོགས་སུ་འགྲོ་བཞིན་ཡང་སྤྱི་ཡོངས་ཀྱིས་གནང་ཕྱོགས་དང་།ལྷག་པར་དུ་དོལ་རྒྱལ་ཕྱོགས་གཏོགས་པས་བོད་ཀྱི་ཆོས་སྲིད་ལ་འགལ་རྐྱེན་དང་༸གོང་ས་༸སྐྱབས་མགོན་ཆེན་པོ་མཆོག་ལ་མཚན་སྨད་ཀྱི་བྱ་བ་སྣ་ཚོགས་སྤེལ་དང་སྤེལ་བཞིན་པར་བྱ་ཕྱོགས་ཇི་དགེའི་སྐོར་བཀའ་བསྡུར་གནང་རྒྱུ།གྲོས་ཆོད།ཀ༽༸རྒྱལ,3.324,435,transcribing,1,3418359
STT_AM_AB1684_0105_905037_to_909930,https://monlam-ai-stt.s3.amazonaws.com/STT_AM_AB1684_0105_905037_to_909930.wav,་མཆོག་ལྔ་པ་ཆེན་པོ་མཆོག་དང་༸རྒྱལ་མཆོག་བཅུ་གསུམ་པ་ཆེན་པོ་མཆོགཀུན་,4.893,63,transcribing,1,3418360
STT_AM_AB1684_0106_913407_to_917980,https://monlam-ai-stt.s3.amazonaws.com/STT_AM_AB1684_0106_913407_to_917980.wav,གཟིགས་པཎ་ཆེན་རིན་པོ་ཆེ།ཁྲི་ཆེན་ངག་དབང་མཆོག་ལྡན།འཇམ་དབྱངས་མཁྱེན་བརྩེ་ཆོས་ཀྱི་བློ་གྲོས།,4.573,85,transcribing,1,3418361
STT_AM_AB1684_0107_919904_to_924409,https://monlam-ai-stt.s3.amazonaws.com/STT_AM_AB1684_0107_919904_to_924409.wav,ངོར་ཁང་གསར་དམ་པ་རྡོ་རྗེ་འཆང་ངག་དབང་བློ་གྲོས་གཞན་ཕན་སྙིང་པོ།,4.505,59,transcribing,1,3418362
STT_AM_AB1684_0108_925827_to_929387,https://monlam-ai-stt.s3.amazonaws.com/STT_AM_AB1684_0108_925827_to_929387.wav,ཁང་གསར་མཁན་པོ་ངག་དབང་ཡོན་ཏན་རྒྱ་མཚོ།རྡོ་བྲག་རིག་འཛིན,3.56,52,transcribing,1,3418363
STT_AM_AB1684_0109_932138_to_936930,https://monlam-ai-stt.s3.amazonaws.com/STT_AM_AB1684_0109_932138_to_936930.wav,་ཆེན་མོ་སྐུ་ཕྲེང་བཞི་པ་པདྨ་འཕྲིན་ལས།དགའ་ལྡན་ཁྲི་ཐོག,4.792,51,transcribing,1,3418364
STT_AM_AB1684_0110_939884_to_941932,https://monlam-ai-stt.s3.amazonaws.com/STT_AM_AB1684_0110_939884_to_941932.wav,་བརྒྱ་པ་རྗེ་བཙུན་བློ་བཟང་ཉི་མ།བློ་གླིང་མཁན་ཆེན་པདྨ་རྒྱལ་མཚན་སོགས་བོད་གངས་ཅན་གྱི་ཚད་ལྡན་སྐྱེས་ཆེན་ཤིན་ཏུ་མང་,2.048,107,transcribing,1,3418365
STT_AM_AB1684_0111_962412_to_966604,https://monlam-ai-stt.s3.amazonaws.com/STT_AM_AB1684_0111_962412_to_966604.wav,པོས་རྒྱལ་བསྟན་གཙང་མ་འཛིན་སྤེལ་དང་སྐྱེ་འགྲོའི་བདེ་དོན་ལ་དགོངས་ནས་དམ་སྲི་དོལ་རྒྱལ་བསྟེན་གསོལ་ཐད་དམ་བསྒྲགས་མཛད་པ་དང།ལྷག་པར་༸རྒྱལ་མཆོག་ལྔ་པ་ཆེན་པོས་དོལ་རྒྱལ་གྱི་རྒྱུའི་ཁྱད་པར་སྨོན་ལམ་ལོག་པ་ཡིན་པ་དང་།ངོ་བོའི་ཁྱད་པར་དམ་སྲི་འབྱུང་པོ་ཡིན་པ།བྱེད་ལས་ཀྱི་ཁྱད་པར་,4.192,251,transcribing,1,3418366
STT_AM_AB1684_0112_974860_to_977036,https://monlam-ai-stt.s3.amazonaws.com/STT_AM_AB1684_0112_974860_to_977036.wav,བསྟན་དང་འགྲོ་བ་ཀུན་ལ་འཚེ་བར་བྱེད་པ་ཡིན་པར་གསུངས་,2.176,48,transcribing,1,3418367
STT_AM_AB1684_0113_978477_to_985007,https://monlam-ai-stt.s3.amazonaws.com/STT_AM_AB1684_0113_978477_to_985007.wav,པ་ལྟར།གངས་ལྗོངས་རྒྱལ་བསྟན་ཡོངས་རྫོགས་ཀྱི་མངའ་བདག་སྤྱི་ནོར་༸གོང་ས་༸སྐྱབས་མགོན་ཆེན་པོ་མཆོག་ནས་ཀྱང་བོད་ཀྱི་,6.53,104,transcribing,1,3418368
STT_AM_AB1684_0114_985379_to_992314,https://monlam-ai-stt.s3.amazonaws.com/STT_AM_AB1684_0114_985379_to_992314.wav,བསྟན་སྲིད་ཀྱི་བདེ་དོན་ལ་གཅིག་ཏུ་དགོངས་ནས་དམ་སྲི་དོལ་རྒྱལ་བསྟེན་གསོལ་མི་རུང་བའི་བཀའ་སློབ་ལམ་སྟོན་རིམ་ཕེབས་ལ།དབུ་ཁྲིད་བླ་ཆེན,6.935,122,transcribing,1,3418369
STT_AM_AB1684_0115_1004777_to_1006793,https://monlam-ai-stt.s3.amazonaws.com/STT_AM_AB1684_0115_1004777_to_1006793.wav,་རྣམ་པ་དང་།མཁན་པོ།བླ་སྤྲུལ།སྐུ་ཚབ་བཅས་འདུས་པའི་ཆོས་ཚོགས་ཐེངས་བཅུ་པ་སྤྱི་ཐོག་ནས་མཐའ་གཅིག་ཏུ་རྒྱབ་སྐྱོར་,2.016,102,transcribing,1,3418370
STT_AM_AB1684_0116_1006921_to_1011081,https://monlam-ai-stt.s3.amazonaws.com/STT_AM_AB1684_0116_1006921_to_1011081.wav,ཞུ་རྒྱུ་དང་འབྲེལ་དགེ་ལུགས་ཀྱི་གདན་ས་ཁག་གི་དགེ་འདུན་པ་རྣམ་པས་དམ་པའི་,4.16,67,transcribing,1,3418371
STT_AM_AB1684_0117_1012345_to_1020310,https://monlam-ai-stt.s3.amazonaws.com/STT_AM_AB1684_0117_1012345_to_1020310.wav,ཆོས་འདུལ་བ་དང་མཐུན་པར་ཚུལ་ཤིང་བཞེས་ཏེ་དོལ་རྒྱལ་བསྟེན་གསོལ་བྱེད་མཁན་དང་ཆོས་དང་ཟང་ཟིང་གི་འབྲེལ་བ་གཙང་,7.965,99,transcribing,1,3418372
STT_AM_AB1684_0118_1020546_to_1028427,https://monlam-ai-stt.s3.amazonaws.com/STT_AM_AB1684_0118_1020546_to_1028427.wav,གཅོད་གནང་བར་ཆོས་ཚོགས་འདིའི་ཐོག་ནས་རྗེས་སུ་ཡི་རང་དང་བསྔགས་བརྗོད་ཡོད།ཁ༽འཇིག་རྟེན་པའི་ལྷ་འདྲེ་སྤྱི་དང་ལྷག་པར་དམ་སྲི་གདུག་པ་ཅན་ལ་སྐྱབས་སུ་འཆའ་ན།,7.881,140,transcribing,1,3418373
STT_AM_AB1684_0119_1039564_to_1045842,https://monlam-ai-stt.s3.amazonaws.com/STT_AM_AB1684_0119_1039564_to_1045842.wav,ནང་པའི་ཆོས་ལ་འཇུག་པའི་སྒོ་སྐྱབས་འགྲོ་དང་འགལ་བར་བརྟེན།དོལ་རྒྱལ་བསྟེན་གསོལ་བྱེད་མཁན་སྤྱི་སྒེར་གང་ཡིན་རུང།བོད་གངས་ཅན་གྱི་ཆོས་བརྒྱུད་གང་གིའང་ཁོངས་གཏོགས་མིན་པ་ཆོས་ཚོགས་འདིའི་ཐོག་ནས་གསལ་པོ་བཟོ་རྒྱུ།,6.278,192,transcribing,1,3418374
STT_AM_AB1684_0120_1049596_to_1052860,https://monlam-ai-stt.s3.amazonaws.com/STT_AM_AB1684_0120_1049596_to_1052860.wav,ག༽འདས་པའི་ལོ་༣༧༠ཙམ་གྱི་རིང་ཆོས་བརྒྱུད་ཁག་གི་སྐྱེས་ཆེན་དམ་པ་ཚོས་དོལ་རྒྱལ་གྱི་རྒྱུ་དང་ངོ་བོ།བྱེད་ལས་བཅས་ཀྱི་ཐད་ངོས་འཛིན་དམ་བསྒྲགས་ཇི་གནང་དང་།དམ་སྲི་དོལ་རྒྱལ་བསྟེན་གསོལ་བྱས་པར་བརྟེན་,3.264,179,transcribing,1,3418375
STT_AM_AB1684_0121_1082174_to_1084924,https://monlam-ai-stt.s3.amazonaws.com/STT_AM_AB1684_0121_1082174_to_1084924.wav,ནས་བསྟན་སྲིད་སྤྱི་སྒེར་ལ་གནོད་སྐྱོན་ཇི་བྱུང་རྣམས་ཆོས་བར,2.75,55,transcribing,1,3418376
STT_AM_AB1684_0122_1088534_to_1091638,https://monlam-ai-stt.s3.amazonaws.com/STT_AM_AB1684_0122_1088534_to_1091638.wav,ྒྱུད་སོ་སོས་ཞིབ་འཇུག་གིས་གུང་བསྒྲིགས་ཏེ་སྐད་ཡིག་དང་དྲྭ་རྒྱ་སོགས་བརྒྱུད་ལམ་འདྲ་མིན་བརྒྱུད་པར་འགྲེམས་དང་།ཕྱི་ནང་གི་མི་རིགས་ཁག་ལ་དུས་རྒྱུན་རྒྱུ་མཚན་དུ་མའི་སྒོ་ནས་གསལ་བཤད་ཀྱི་ལམ་ནས་དངོས་དོན་ཇི་ཡིན་གོ་བརྡ་འཕྲོད་ཐབས་མཛད་རྒྱུ།གྲོས་གཞི་དོན་ཚན་དྲུག་པ།བོད་ཀྱི་ཆོས་བརྒྱུད་ཆེན་པོ་བཞི་དང་,3.104,275,transcribing,1,3418377
STT_AM_AB1684_0123_1101141_to_1104870,https://monlam-ai-stt.s3.amazonaws.com/STT_AM_AB1684_0123_1101141_to_1104870.wav,གཡུང་དྲུང་བོན་བཅས་ཀྱི་ཆོས་སྡེ་དང་ཆོས་ཚོགས་གྲྭ་བཙུན་སྒེར་བཅས་ནས་སྤྱི་ཚོགས་ནང་ཆོས་འཆད་སྤེལ་གཙོས་རོགས་ཕན་གནང་ཕྱོགས་ཇི་དགེའི་སྐོར།གྲོས་ཆོད།ཀ༽བོད་ཀྱི་,3.729,145,transcribing,1,3418378
STT_AM_AB1684_0124_1111570_to_1115282,https://monlam-ai-stt.s3.amazonaws.com/STT_AM_AB1684_0124_1111570_to_1115282.wav,ཆོས་བརྒྱུད་ཆེན་པོ་བཞི་དང་གཡུང་དྲུང་བོན་བཅས་ཀྱིས་སྤྱི་ཚོགས་ནང་ཆོས་འཆད་སྤེལ་དང་།སྨན་ཁང་འཛུགས་པ་སོགས་མང་ཚོགས་ལ་ཕན་པའི་ལས་དོན་གནང་བཞིན་པ་རྣམས་མུ་,3.712,141,transcribing,1,3418379
STT_AM_AB1684_0125_1119923_to_1125458,https://monlam-ai-stt.s3.amazonaws.com/STT_AM_AB1684_0125_1119923_to_1125458.wav,མཐུད་རྒྱུན་སྐྱོང་ཐོགརང་རང་གནས་ཡུལ་སྤྱི་ཚོགས་ཀྱི་འཕྲོད་བསྟེན་དང་ཤེས་ཡོན།ཁོར་ཡུག་སྲུང་སྐྱོབ་བཅས་ལ་ཕན་པའི་ལས་གཞི་གང་མང་,5.535,116,transcribing,1,3418380
STT_AM_AB1684_0126_1127041_to_1129345,https://monlam-ai-stt.s3.amazonaws.com/STT_AM_AB1684_0126_1127041_to_1129345.wav,སྤེལ་ཐབས་གནང་རྒྱུ།ལྷག་པར་བླ་ཆེན་ཁག་གིས་བོད་ནང་གི་བོད་མི་ཚོའི་,2.304,61,transcribing,1,3418381
STT_AM_AB1684_0127_1135600_to_1143210,https://monlam-ai-stt.s3.amazonaws.com/STT_AM_AB1684_0127_1135600_to_1143210.wav,ཤེས་ཡོན་དང་འཕྲོད་བསྟེན།ཁོར་ཡུག་སྲུང་སྐྱོབ་བཅས་ཀྱི་ཆེད་དགོན་སྡེ་ཁག་གིས་དམིགས་བསལ་ཤུགས་སྐྱེད་ཀྱི་ནུས་པ་འདོན་དགོས་པའི་སློབ་སྟོན་གནང་རྒྱུ།དེ་བཞིན་ཡེ་ཤུ་སོགས་ཆོས་ལུགས་གཞན་གྱིས་སྤྱི་ཚོགས་ཞབས་ཞུའི,7.61,189,transcribing,1,3418382
STT_AM_AB1684_0128_1143649_to_1145775,https://monlam-ai-stt.s3.amazonaws.com/STT_AM_AB1684_0128_1143649_to_1145775.wav,་ལས་དོན་གནང་སྟངས་ལ་མིག་དཔེ་དང་།,2.126,31,transcribing,1,3418383
STT_AM_AB1684_0129_1147564_to_1153150,https://monlam-ai-stt.s3.amazonaws.com/STT_AM_AB1684_0129_1147564_to_1153150.wav,ཉམས་མྱོང་གསོག་སླད།ཆོས་སྡེ་ཁག་ནས་གྲྭ་བཙུན་སྒྲིག་འཛུགས་ཀྱིས་ཡེ་ཤུའི་ཚོགས་པ་ལྟ་བུ,5.586,78,transcribing,1,3418384
STT_AM_AB1684_0130_1153352_to_1155698,https://monlam-ai-stt.s3.amazonaws.com/STT_AM_AB1684_0130_1153352_to_1155698.wav,འི་ནང་གཏོང་ཐབས་བྱུང་ན་ལེགས།,2.346,27,transcribing,1,3418385
STT_AM_AB1685_0001_891_to_8822,https://monlam-ai-stt.s3.amazonaws.com/STT_AM_AB1685_0001_891_to_8822.wav,34 ཁ༽བོད་ཕྲུག་གཞོན་སྐྱེས་ཚོར་ཆོས་ཀྱི་ས་བོན་བཟང་པོ་འཇགས་ཐབས་སུ།སློབ་གྲྭ་ཁག་ཏུ་བོད་ཀྱི་ཆོས་བརྒྱུད་ཆེན་པོ་བཞི་དང་གཡུང་དྲུང་བོན་བཅས་ཚང་མའི་,7.931,135,transcribing,1,3418386
STT_AM_AB1685_0002_9464_to_12450,https://monlam-ai-stt.s3.amazonaws.com/STT_AM_AB1685_0002_9464_to_12450.wav,ཆོས་འབྱུང་དང་གྲུབ་མཐའ་ངོ་སྤྲོད་གནང་ཐུབ་མཁན་ཆོས་དགེ་ཚད་ལྡན་བསྐོ་གཞག་ཐུབ་པ་དགོས་གལ་ཡང་།,2.986,85,transcribing,1,3418387
STT_AM_AB1685_0003_19487_to_24904,https://monlam-ai-stt.s3.amazonaws.com/STT_AM_AB1685_0003_19487_to_24904.wav,ཆོས་དགེའི་མི་འགྲོར་ཆོས་སྡེ་ཁག་གིས་དམ་དོན་དེ་ཙམ་གནང་གི་མེད་པའི་མཐོང་ཚུལ་ལ་བརྟེན།ཆོས་རིག་ལས་ཁུངས་དང་ཆོས་སྡེ་ཁག་གིས་ཆོས་དགེའི་,5.417,123,transcribing,1,3418388
STT_AM_AB1685_0004_25799_to_31992,https://monlam-ai-stt.s3.amazonaws.com/STT_AM_AB1685_0004_25799_to_31992.wav,མི་འགྲོ་ཚད་ལྡན་འབྱུང་ཐབས་གནང་དགོས་རྒྱུ།ག༽གཞོན་སྐྱེས་གཙོ་གྱུར་མི་སྐྱ་ཕོ་མོ་ཚོར་དམིགས་བཀར་,6.193,88,transcribing,1,3418389
STT_AM_AB1685_0005_32245_to_34933,https://monlam-ai-stt.s3.amazonaws.com/STT_AM_AB1685_0005_32245_to_34933.wav,ནང་ཆོས་ངོ་སྤྲོད་ཀྱི་ཟབ་སྦྱོང་གོ་སྒྲིག་བྱས་ན།ཕན་ཐོགས་ཆེན་པོ་ཡོང་རྒྱུར་བརྟེན།,2.688,75,transcribing,1,3418390
STT_AM_AB1685_0006_37109_to_39349,https://monlam-ai-stt.s3.amazonaws.com/STT_AM_AB1685_0006_37109_to_39349.wav,ཆོས་རིག་ལས་ཁུངས་དང་ཆོས་སྡེ་ཁག་གིས་དེ་འདྲའི་ཟབ་སྦྱོང་གང་མང་གོ་སྒྲིག་བྱ་རྒྱུ།ང༽སློབ་གྲྭའི་གུང་གསེང་དང་སྟབས་བསྟུན་གྱིས་ཆོས་སྡེ་ཁག་,2.24,127,transcribing,1,3418391
STT_AM_AB1685_0007_47955_to_51719,https://monlam-ai-stt.s3.amazonaws.com/STT_AM_AB1685_0007_47955_to_51719.wav,གིས་མཐུན་རྐྱེན་སྦྱར་ཏེ་སློབ་ཕྲུག་གྲངས་བཅད་ལ་ནང་ཆོས་ངོ་སྤྲ,3.764,57,transcribing,1,3418392
STT_AM_AB1685_0008_52225_to_56427,https://monlam-ai-stt.s3.amazonaws.com/STT_AM_AB1685_0008_52225_to_56427.wav,ོད་གནང་ཚེ་ཕན་རླབས་ཆེན་པོ་ཡོང་རྒྱུར་བརྟེན།ཆོས་སྡེ་སོ་སོས་དེ་དོན་,4.202,63,transcribing,1,3418393
STT_AM_AB1685_0009_58654_to_63295,https://monlam-ai-stt.s3.amazonaws.com/STT_AM_AB1685_0009_58654_to_63295.wav,ཐུབ་ཐབས་གནང་རྒྱུ།ཅ༽ཆོས་བརྒྱུད་ཆེན་པོ་བཞི་དང་གཡུང་དྲུང་བོན་བཅས་ཁུངས་སོ་སོ་ནས་རང་ཁོངས་,4.641,84,transcribing,1,3418394
STT_AM_AB1685_0010_64189_to_67649,https://monlam-ai-stt.s3.amazonaws.com/STT_AM_AB1685_0010_64189_to_67649.wav,དབུ་ཁྲིད་བླ་ཆེན་རྣམ་པས་བོད་ཀྱི་གཞོན་སྐྱེས་ཚོར་ཆེད་དུ་དམིགས་ནས་,3.46,62,transcribing,1,3418395
STT_AM_AB1685_0011_68678_to_71834,https://monlam-ai-stt.s3.amazonaws.com/STT_AM_AB1685_0011_68678_to_71834.wav,གོ་བདེའི་གསུང་ཆོས་སྩལ་བ་བརྙན་འཕྲིན་འོད་སྡེར་ནང་,3.156,47,transcribing,1,3418396
STT_AM_AB1685_0012_77147_to_81371,https://monlam-ai-stt.s3.amazonaws.com/STT_AM_AB1685_0012_77147_to_81371.wav,པར་ལེན་གྱིས་འགྲེམས་སྤེལ་དང་།དེ་བཞིན་ནང་ཆོས་ཀྱི་གོ་རྟོགས་ལྡན་པའི་ཕྱི་རྒྱལ་མི་རིགས་,4.224,81,transcribing,1,3418397
STT_AM_AB1685_0013_89940_to_94581,https://monlam-ai-stt.s3.amazonaws.com/STT_AM_AB1685_0013_89940_to_94581.wav,རང་རེའི་སྤྱི་ཚོགས་ནང་གདན་ཞུས་ཀྱིས་གསུང་བཤད་གོ་སྒྲིག་བྱ་རྒྱུ།གྲོས་གཞི་དོན་ཚན་བདུན་པ།བོད་ཀྱི་བླ་ཆེན་རྣམས་ཀྱིས་དབུས་བླ་སྤྲུལ་མཁན་པོ་དགེ་བཤེས་སོགས་དགེ་འདུན་པ་ཡོངས་ནས་བོད་དོན,4.641,169,transcribing,1,3418398
STT_AM_AB1685_0014_96184_to_99694,https://monlam-ai-stt.s3.amazonaws.com/STT_AM_AB1685_0014_96184_to_99694.wav,་ཐོག་ཐུགས་འཁུར་སྔར་ལྷག་གནང་ཕྱོགས་ཇི་དགེའི་སྐོར།གྲོས་ཆོད།ཀ༽ཇི་སྐད་དུ།,3.51,68,transcribing,1,3418399
STT_AM_AB1685_0015_108452_to_112300,https://monlam-ai-stt.s3.amazonaws.com/STT_AM_AB1685_0015_108452_to_112300.wav,སྟོན་པ་མཆོག་གིས།བསོད་ནམས་ལྡན་པའི་མི་ཡི་བསམ་པ་རྣམས་ཀྱང་འགྲུབ།།ཅེས་གསུངས་པ་བཞིན།,3.848,78,transcribing,1,3418400
STT_AM_AB1685_0016_112469_to_117329,https://monlam-ai-stt.s3.amazonaws.com/STT_AM_AB1685_0016_112469_to_117329.wav,ཆོས་བྱེད་དགེ་འདུན་པ་རྣམ་པས་གཙོ་བོ་དམ་པའི་ཆོས་འདུལ་བ་གཞིར་བཟུང་,4.86,62,transcribing,1,3418401
STT_AM_AB1685_0017_117784_to_122610,https://monlam-ai-stt.s3.amazonaws.com/STT_AM_AB1685_0017_117784_to_122610.wav,རང་འཁྲིའི་ཆོས་ཕྱོགས་ཀྱི་འགན་འཁུར་ཞུ་རྒྱུ་དང་།བོད་སྤྱི་སྒེར་ཀུན་གྱི་དོན་དུ་,4.826,74,transcribing,1,3418402
STT_AM_AB1685_0018_123167_to_127470,https://monlam-ai-stt.s3.amazonaws.com/STT_AM_AB1685_0018_123167_to_127470.wav,སྤྱི་མཐུན་གྱི་བསོད་ནམས་གསོག་པའི་འཕྲིན་ལས་ལ་སྔར་ལྷག་འབད་འབ,4.303,57,transcribing,1,3418403
STT_AM_AB1685_0019_129344_to_132617,https://monlam-ai-stt.s3.amazonaws.com/STT_AM_AB1685_0019_129344_to_132617.wav,ུངས་གནང་རྒྱུ།རབ་བྱུང་ཕོ་མོ་ཚང་མས་ཆོས་བརྒྱུད་ཕན་ཚུན་དབར་མཐུན་ལམ་,3.273,63,transcribing,1,3418404
STT_AM_AB1685_0020_133394_to_135537,https://monlam-ai-stt.s3.amazonaws.com/STT_AM_AB1685_0020_133394_to_135537.wav,དམ་གཙང་ཡོང་ཐབས་ཐོགཆོས་,2.143,22,transcribing,1,3418405
STT_AM_AB1685_0021_137764_to_141797,https://monlam-ai-stt.s3.amazonaws.com/STT_AM_AB1685_0021_137764_to_141797.wav,པའི་མིང་ཤས་དང་ཞབས་འདྲེན་དུ་མི་འགྲོ་བ་བྱ་རྒྱུ།,4.033,45,transcribing,1,3418406
STT_AM_AB1685_0022_143012_to_148514,https://monlam-ai-stt.s3.amazonaws.com/STT_AM_AB1685_0022_143012_to_148514.wav,ཁ༽བོད་ཕྱི་ནང་གཉིས་སུ་རབ་བྱུང་ཕོ་མོས་སྣེ་འཁྲིད་དེ་བསྟན་སྲིད་གཉིས་ཕན་གྱི་,5.502,71,transcribing,1,3418407
STT_AM_AB1685_0023_150825_to_157322,https://monlam-ai-stt.s3.amazonaws.com/STT_AM_AB1685_0023_150825_to_157322.wav,འཚེ་མེད་ཞི་བའི་ལས་འགུལ་རླབས་པོ་ཆེ་བརྩམས་དང་རྩོམ་བཞིན་པར་ཡི་རང་བསྔགས་བརྗོད་ཞུ་རྒྱུ་དང།,6.497,85,transcribing,1,3418408
STT_AM_AB1685_0024_157812_to_160562,https://monlam-ai-stt.s3.amazonaws.com/STT_AM_AB1685_0024_157812_to_160562.wav,རབ་བྱུང་ཕོ་མོ་རྣམས་ཆབ་སྲིད་ཀྱི་,2.75,31,transcribing,1,3418409
STT_AM_AB1685_0025_161372_to_166553,https://monlam-ai-stt.s3.amazonaws.com/STT_AM_AB1685_0025_161372_to_166553.wav,ལས་འགུལ་ཁག་ནང་ཞུགས་སྐབས།མཐའ་གཅིག་ཏུ་དམ་པའི་ཆོས་འདུལ་བ་དང་འཚེ་མེད་ཞི་བའི་,5.181,72,transcribing,1,3418410
STT_AM_AB1685_0026_171126_to_173185,https://monlam-ai-stt.s3.amazonaws.com/STT_AM_AB1685_0026_171126_to_173185.wav,རྒྱ་ལས་མ་འགལ་བ་དགོས་རྒྱུ།གྲོས་གཞི་དོན་ཚན་བརྒྱད་པ།,2.059,49,transcribing,1,3418411
STT_AM_AB1685_0027_173286_to_176543,https://monlam-ai-stt.s3.amazonaws.com/STT_AM_AB1685_0027_173286_to_176543.wav,ཆོས་ཚོགས་ཐེངས་༩པའི་གྲོས་ཆོད་ནང་གསལ་ཇོ་ནང་,3.257,41,transcribing,1,3418412
STT_AM_AB1685_0028_177420_to_180762,https://monlam-ai-stt.s3.amazonaws.com/STT_AM_AB1685_0028_177420_to_180762.wav,ཆོས་འབྱུང་ལོ་རྒྱུས་ཞིབ་འཇུག་ཚོགས་ཆུང་འཛུགས་རྒྱུར་མང་མོས་,3.342,56,transcribing,1,3418413
STT_AM_AB1685_0029_181251_to_186212,https://monlam-ai-stt.s3.amazonaws.com/STT_AM_AB1685_0029_181251_to_186212.wav,བྱུང་ཞིང་།ཚོགས་ཆུང་གི་ཚོགས་མིའི་ཐད་བོད་ཀྱི་ཆོས་བརྒྱུད་ཆེན་པོ་བཞི་དང་གཡུང་དྲུང་བོན་བཅས་ཀྱི་,4.961,90,transcribing,1,3418414
STT_AM_AB1685_0030_195240_to_198160,https://monlam-ai-stt.s3.amazonaws.com/STT_AM_AB1685_0030_195240_to_198160.wav,དབུ་ཁྲིད་རྣམ་པས་བསྐོ་གཞག་གནང་རྒྱུ་གསལ་ཡང།ད་བར་ཚོགས་ཆུང་གི་ཚོགས་མི་ཆ་ཚང་བསྐོ་གཞག་གནང་ཐུབ་མེད་ན་འདིའི་ཐད་མཛད་ཕྱོགས་ཇི་འགབ་བཀའ་བསྡུར་གནང་རྒྱུ།,2.92,139,transcribing,1,3418415
STT_AM_AB1685_0031_200472_to_203003,https://monlam-ai-stt.s3.amazonaws.com/STT_AM_AB1685_0031_200472_to_203003.wav,གྲོས་ཆོད།ཆོས་ཚོགས་ཐེངས་དགུ་པའི་གྲོས་ཆོད་དགོངས་དོན་ཇོ་ནང་ཆོས་འབྱུང་ལོ་རྒྱུས་ཞིབ་འཇུག,2.531,83,transcribing,1,3418416
STT_AM_AB1685_0032_203070_to_208454,https://monlam-ai-stt.s3.amazonaws.com/STT_AM_AB1685_0032_203070_to_208454.wav,་ཚོགས་ཆུང་གི་ཚོགས་མི་བསྐོ་གཞག་ཡོང་བ་ཞེས་ཆོས་རིག་ལས་ཁུངས་ནས་ཆོས་རྒྱུད་ཁག་གི་དབུ་ཁྲིད་,5.384,84,transcribing,1,3418417
STT_AM_AB1685_0033_211508_to_214343,https://monlam-ai-stt.s3.amazonaws.com/STT_AM_AB1685_0033_211508_to_214343.wav,བླ་ཆེན་རྣམ་པར་སྙན་གསན་སྔ་རྗེས་ཐེངས་,2.835,35,transcribing,1,3418418
STT_AM_AB1685_0034_216182_to_219794,https://monlam-ai-stt.s3.amazonaws.com/STT_AM_AB1685_0034_216182_to_219794.wav,༨ཞུས་འབྲས་སུ།གཡུང་དྲུང་བོན་དང་དགེ་ལུགས།ས་སྐྱ་བཅ,3.612,47,transcribing,1,3418419
STT_AM_AB1685_0035_220469_to_227050,https://monlam-ai-stt.s3.amazonaws.com/STT_AM_AB1685_0035_220469_to_227050.wav,ས་གསུམ་ནས་ཚོགས་མི་བསྐོ་གཞག་ཟིན་པ་དང་།རྙིང་མའི་ཁོངས་ནས་ཚོགས་མི་གཏོང་རྒྱུར་མོས་མཐུན་མ་གནང་།,6.581,89,transcribing,1,3418420
STT_AM_AB1685_0036_236665_to_238777,https://monlam-ai-stt.s3.amazonaws.com/STT_AM_AB1685_0036_236665_to_238777.wav,བཀའ་བརྒྱུད་ནས་ད་ལྟ་བསྐོ་གཞག་གནང་བསྡད་བཅས་ཚོགས་མི་ཆ་ཚང་བ་བསྐོ་གཞག་གནང་ཐུབ་མེད་པར་བརྟེན།ཆོས་རིག་ལས་ཁུངས་ནས་ཡང་བསྐྱར་བཀའ་བརྒྱུད་ཀྱི་དབུ་ཁྲིད་བླ་ཆེན་ལ་སྐུ་ཚབ་,2.112,154,transcribing,1,3418421
STT_AM_AB1685_0037_243064_to_245849,https://monlam-ai-stt.s3.amazonaws.com/STT_AM_AB1685_0037_243064_to_245849.wav,ཚོགས་མི་གཏོང་གནང་ཡོང་བའི་རེ་སྐུལ་གསལ་འདེབས་ཞུ་རྒྱུ,2.785,50,transcribing,1,3418422
STT_AM_AB1685_0038_246169_to_250169,https://monlam-ai-stt.s3.amazonaws.com/STT_AM_AB1685_0038_246169_to_250169.wav,།གྲོས་གཞི་དོན་ཚན་དགུ་པ།གཞན་ཡང་གྲོས་གཞིར་མ་འཁོད་པ་སྐབས་,4.0,54,transcribing,1,3418423
STT_AM_AB1685_0039_253071_to_256362,https://monlam-ai-stt.s3.amazonaws.com/STT_AM_AB1685_0039_253071_to_256362.wav,མཚམས་དགོངས་འཆར་བྱུང་ཁག་ཚོགས་གཙོའི་བཀའ་འཁྲོལ་དང་བསྟུན་བཀའ་བསྡུར་ཐག་གཅོད་,3.291,71,transcribing,1,3418424
STT_AM_AB1685_0040_262352_to_264765,https://monlam-ai-stt.s3.amazonaws.com/STT_AM_AB1685_0040_262352_to_264765.wav,གནང་འོས་གནང་རྒྱུ།སླད་བཙན་བྱོལ་བོད་མིའི་ཆོས་དོན་ལྷན་ཚོགས་བཙུགས་མཚམས།ད་ལྟ་བོད་དུ་བསྒྱུར་བའི,2.413,89,transcribing,1,3418425
STT_AM_AB1685_0041_265626_to_271178,https://monlam-ai-stt.s3.amazonaws.com/STT_AM_AB1685_0041_265626_to_271178.wav,་ཉི་ཁྲི་འདི་ལ་མ་དག་པ་དང་མ་ཚང་བ་མང་པོ་ཞིག་ཡོད་ཚུལ་ལ་རིམ་བཞིན་,5.552,60,transcribing,1,3418426
STT_AM_AB1685_0042_271718_to_278367,https://monlam-ai-stt.s3.amazonaws.com/STT_AM_AB1685_0042_271718_to_278367.wav,དག་བཅོས་དང་ཚང་བ་གནང་ཐུབ་ན་བསྟན་པ་ལ་བྱ་བ་རླབས་ཆེན་པོ་ཡོང་རྒྱུ་བཅས་བོད་ཀྱི་ཆོས་རྒྱུད་ཆེན་པོ་བཞི་དང་,6.649,97,transcribing,1,3418427
STT_AM_AB1685_0043_278772_to_286500,https://monlam-ai-stt.s3.amazonaws.com/STT_AM_AB1685_0043_278772_to_286500.wav,གཡུང་དྲུང་བོན་བཅས་ཀྱི་དབུ་ཁྲིད་བླ་ཆེན་རྣམ་པ་དང་བླ་ཆེན་སྐུ་ཚབ་རྣམ་པ།མཁན་པོ་བླ་སྤྲུལ་རྣམ་པ་བཅས་གདན་འཛོམས་པའི་ཆོས་ཚོགས་,7.728,116,transcribing,1,3418428
STT_AM_AB1685_0044_287007_to_292710,https://monlam-ai-stt.s3.amazonaws.com/STT_AM_AB1685_0044_287007_to_292710.wav,ཐེངས་བཅུ་པའི་གྲོས་ཆོད་དུ།བོད་རྒྱལ་ལོ་༢༡༣༦བོད་ཟླ་༡ཚེས་༡༢ཕྱི་ལོ་༢༠༠༩ཕྱི་ཟླ་༣ཚེས་༨ལ།།ཆོས་,5.703,86,transcribing,1,3418429
STT_AM_AB1685_0045_294634_to_299309,https://monlam-ai-stt.s3.amazonaws.com/STT_AM_AB1685_0045_294634_to_299309.wav,ཚོགས་ཐེངས་བཅུ་པའི་ཟུར་རྒྱན་གྲོས་ཆོད།སྤྱི་ནོར་༸གོང་ས་༸སྐྱབས་མགོན་,4.675,64,transcribing,1,3418430
STT_AM_AB1685_0046_306767_to_310125,https://monlam-ai-stt.s3.amazonaws.com/STT_AM_AB1685_0046_306767_to_310125.wav,སྐུ་ཕྲེང་བཅུ་བཞི་པ་ཆེན་པོ་མཆོག་ནི་བོད་ལྗོངས་ལྷ་སྡེ་མི་སྡེ་ཡོངས་ཀྱིས་ལུགས་གཉིས་གསེར་གྱི་ཁྲི་འཕང་མཐོན་པོར་མངའ་གསོལ་དང་འབྲེལ་རྒྱ་བལ་འབྲུག་འབྲས་སོགས་ཁྱིམ་མཚེས་ཡུལ་གྲུ་ཁག་གི་སྐུ་ཚབ་རྟེན་འབྲེལ་གྱི་མཛད་སྒོར་ངོ་,3.358,203,transcribing,1,3418431
STT_AM_AB1685_0047_326039_to_328148,https://monlam-ai-stt.s3.amazonaws.com/STT_AM_AB1685_0047_326039_to_328148.wav,བཅར་རྟེན་འབུལ་ཞུས་པ་བཅས་ཡོངས་གྲགས་དང་།,2.109,38,transcribing,1,3418432
STT_AM_AB1685_0048_330617_to_333273,https://monlam-ai-stt.s3.amazonaws.com/STT_AM_AB1685_0048_330617_to_333273.wav,དེ་ནས་བཟུང་བོད་རྒྱལ་ཁབ་བསྟན་སྲིད་མི་རིགས་དང་བཅས་པའི་བླ་ན་མེད་པའི་དབུ་ཁྲིད་དང་།,2.656,78,transcribing,1,3418433
STT_AM_AB1685_0049_340153_to_343513,https://monlam-ai-stt.s3.amazonaws.com/STT_AM_AB1685_0049_340153_to_343513.wav,སྐུ་ཚབ་གོང་ན་མེད་པ་དེ་ཡིན།འོན་ཀྱང་ཉེ་ལམ་རྒྱ་ནག་གཞུང་གིས་༸གོང་ས་མཆོག་ལ་བོད་མི་མང་གི་སྐུ་ཚབ་གནང་བའི་དབང་ཆ་མེད་ལུགས་ཀྱི་ཧམ་བཤད་བྱས་པར་ཆོས་ཚོགས་,3.36,140,transcribing,1,3418434
STT_AM_AB1685_0050_347605_to_351554,https://monlam-ai-stt.s3.amazonaws.com/STT_AM_AB1685_0050_347605_to_351554.wav,འདིའི་ཐོག་ནས་མཐའ་གཅིག་ཏུ་ངོ་རྒོལ་བྱ་རྒྱུ་དང་འབྲེལ་མགོན་པོ་གང་གི་སྐུ་ཁམས་,3.949,72,transcribing,1,3418435
STT_AM_AB1685_0051_354996_to_358132,https://monlam-ai-stt.s3.amazonaws.com/STT_AM_AB1685_0051_354996_to_358132.wav,རྡོ་རྗེའི་ཁམས་སུ་བརྟན་ཅིང་དུས་ཇི་སྲིད་བར་བོད་མིའི་ཆོས་སྲིད་གཉིས་ཀྱི་དབུ་ཁྲིད་དམ་པར་བཞུགས་ཏེ་བདག་ཅག་གཞིས་བྱེས་བོད་,3.136,113,transcribing,1,3418436
STT_AM_AB1685_0052_370074_to_372602,https://monlam-ai-stt.s3.amazonaws.com/STT_AM_AB1685_0052_370074_to_372602.wav,འབངས་རྣམས་ཚེ་རབས་ཀུན་ཏུ་རྗེས་འཛིན་ཡོང་བའི་གསོལ་འདེབས་བཅོས་མིན་ཤུགས་དྲག་ཆོས་ཚོགས་ཐེངས་བཅུ་པ་འདིའི་ཐོག་ནས་ཞུ་རྒྱུ།བཙན་བྱོལ་བོད་མིའི་ཆོས་དོན་ལྷན་ཚོགས་ཀྱི་ཁྲིམས་ཡིགལེའུ་,2.528,165,transcribing,1,3418437
STT_AM_AB1685_0053_379034_to_381466,https://monlam-ai-stt.s3.amazonaws.com/STT_AM_AB1685_0053_379034_to_381466.wav,དང་པོ།སྔོན་འགྲོ།དོན་ཚན་དང་པོ།ཁྲིམས་ཡིག་གི་མིང་།ཁྲིམས་ཡིག་འདི་ལ།བཙན་བྱོལ་བོད་མིའི་ཆོས་དོན་ལྷན་ཚོགས་ཀྱི་ཁྲིམས་ཡིགབོད་,2.432,115,transcribing,1,3418438
STT_AM_AB1685_0054_411612_to_415409,https://monlam-ai-stt.s3.amazonaws.com/STT_AM_AB1685_0054_411612_to_415409.wav,རྒྱལ་ལོ་༢༡༣༦ཕྱི་ལོ་༢༠༠༩ཞེས་འབོད་,3.797,32,transcribing,1,3418439
STT_AM_AB1685_0055_417349_to_419525,https://monlam-ai-stt.s3.amazonaws.com/STT_AM_AB1685_0055_417349_to_419525.wav,རྒྱུ།དོན་ཚན་གཉིས་པ།ཁྲིམས་ཡིག་གི་ཆ་རྐྱེན།,2.176,40,transcribing,1,3418440
STT_AM_AB1685_0056_419781_to_422501,https://monlam-ai-stt.s3.amazonaws.com/STT_AM_AB1685_0056_419781_to_422501.wav,ཁྲིམས་ཡིག་འདི་བཙན་བྱོལ་བོད་མིའི་བཅའ་ཁྲིམས་ཀྱི་དོན་ཚན་བཅུ་བདུན་པའི་ནང་གསེས་བཅུ་པ་དང་།བཅུ་གཅིག་པ།བཅུ་གཉིས་པ་བཅས་ཀྱི་འོག་གཏན་འབེབས་བྱས་པ་ཡིན།དོན་ཚན་གསུམ་པ།ཁྲིམས་ཡིག་གི་ཁྱབ་ཚད།,2.72,172,transcribing,1,3418441
STT_AM_AB1685_0057_435161_to_438041,https://monlam-ai-stt.s3.amazonaws.com/STT_AM_AB1685_0057_435161_to_438041.wav,བཙན་བྱོལ་བོད་གཞུང་ཆོས་རིག་ལས་ཁུངས་ཀྱི་ཁྱབ་ཁོངས་སུ་ཡོད་པའི་,2.88,58,transcribing,1,3418442
STT_AM_AB1685_0058_438137_to_440953,https://monlam-ai-stt.s3.amazonaws.com/STT_AM_AB1685_0058_438137_to_440953.wav,ཆོས་བརྒྱུད་ཆེན་པོ་བཞི་དང་གཡུང་དྲུང་བོན་བཅས་ལ་ཁྱབ་,2.816,49,transcribing,1,3418443
STT_AM_AB1685_0059_444754_to_450070,https://monlam-ai-stt.s3.amazonaws.com/STT_AM_AB1685_0059_444754_to_450070.wav,པ་ཡིན།དོན་ཚན་བཞི་པ།ཁྲིམས་ཡིག་འགོ་འཛུགས།ཁྲིམས་ཡིག་འདི་བོད་མང་སྤྱི་འཐུས་ལྷན་ཚོགས་ཀྱིས་གཏན་འབེབས་བྱས་ཏེ,5.316,100,transcribing,1,3418444
STT_AM_AB1685_0060_450289_to_452500,https://monlam-ai-stt.s3.amazonaws.com/STT_AM_AB1685_0060_450289_to_452500.wav,་༸གོང་ས་༸སྐྱབས་མགོན་ཆེན་པོས་,2.211,28,transcribing,1,3418445
STT_AM_AB1685_0061_453681_to_456938,https://monlam-ai-stt.s3.amazonaws.com/STT_AM_AB1685_0061_453681_to_456938.wav,ཆོག་མཆན་སྩལ་ཉིན་ནས་འགོ་འཛུགས་བྱ་རྒྱུ།,3.257,37,transcribing,1,3418446
STT_AM_AB1685_0062_458744_to_461697,https://monlam-ai-stt.s3.amazonaws.com/STT_AM_AB1685_0062_458744_to_461697.wav,ལེའུ་གཉིས་པ།ཆོས་དོན་ལྷན་ཚོགས་ཀྱི་སྒྲིག་འཛུག,2.953,43,transcribing,1,3418447
STT_AM_AB1685_0063_463266_to_469814,https://monlam-ai-stt.s3.amazonaws.com/STT_AM_AB1685_0063_463266_to_469814.wav,ས།དོན་ཚན་ལྔ་པ།ཆོས་དོན་ལྷན་ཚོགས།བོད་ཀྱི་ཆོས་བརྒྱུད་ཆེན་པོ་བཞི་དང་གཡུང་དྲུང་བོན་བཅས་པའི་ཆོས་ཕྱོགས་ཀྱི་བྱ་བ་,6.548,105,transcribing,1,3418448
STT_AM_AB1685_0064_472986_to_478521,https://monlam-ai-stt.s3.amazonaws.com/STT_AM_AB1685_0064_472986_to_478521.wav,ཡོངས་ལ་ལམ་སྟོན་བཏང་འཛིན་དང་།སྒྲིག་གཞི་གཏན་འབེབས་བྱེད་པོའི་ཆོས་དོན་ལྷན་ཚོགས་ཤིག་དགོས་པ་ཡིན།དོན་ཚན་དྲུག་པ།,5.535,104,transcribing,1,3418449
STT_AM_AB1685_0065_478960_to_486570,https://monlam-ai-stt.s3.amazonaws.com/STT_AM_AB1685_0065_478960_to_486570.wav,ཆོས་དོན་ལྷན་ཚོགས་ཀྱི་གྲུབ་ཆ།བཙན་བྱོལ་བོད་མིའི་ཆོས་དོན་ལྷན་ཚོགས་ཀྱི་གྲུབ་ཆ་གཤམ་གསལ།ཀ༽༸གོང་ས་༸སྐྱབས་མགོན་ཆེན་པོས་ཐད་བསྐོས་གནང་བའི་,7.61,128,transcribing,1,3418450
STT_AM_AB1685_0066_489405_to_492359,https://monlam-ai-stt.s3.amazonaws.com/STT_AM_AB1685_0066_489405_to_492359.wav,ཚོགས་མི་གཅིགཁ༽བོད་ཀྱི་ཆོས་བརྒྱུད་ཆེན་པོ་བཞི་དང་གཡུང་དྲུང་བོན་བཅས་ཀྱི་,2.954,69,transcribing,1,3418451
STT_AM_AB1685_0067_495075_to_500762,https://monlam-ai-stt.s3.amazonaws.com/STT_AM_AB1685_0067_495075_to_500762.wav,ཡོངས་གྲགས་ཀྱི་དབུ་ཁྲིད་རྣམ་པའམ།དེ་དག་གིས་དམིགས་བསལ་འགན་དབང་བསྐུར་བའི་སྐུ་ཚབ་རྣམ་པ།ག༽བཙན་བྱོལ་བོད་གཞུང་ཆོས་རིག་བཀའ་བློན།,5.687,119,transcribing,1,3418452
STT_AM_AB1685_0068_503834_to_510482,https://monlam-ai-stt.s3.amazonaws.com/STT_AM_AB1685_0068_503834_to_510482.wav,དོན་ཚན་བདུན་པ།ཚོགས་མིའི་དུས་ཡུན།༡༽བོད་ཀྱི་ཆོས་བརྒྱུད་ཆེན་པོ་བཞི་དང་གཡུང་དྲུང་བོན་བཅས་པའི་དབུ་ཁྲིད་རྣམས,6.648,102,transcribing,1,3418453
STT_AM_AB1685_0069_511495_to_514870,https://monlam-ai-stt.s3.amazonaws.com/STT_AM_AB1685_0069_511495_to_514870.wav,་ཇི་སྲིད་རང་གི་ཆོས་བརྒྱུད་ཀྱི་དབུ་ཁྲིད་ཀྱི་མཛད་འགན་བཞེས་པའི་,3.375,60,transcribing,1,3418454
STT_AM_AB1685_0070_515157_to_519105,https://monlam-ai-stt.s3.amazonaws.com/STT_AM_AB1685_0070_515157_to_519105.wav,རིང་ཆོས་དོན་ལྷན་ཚོགས་ཀྱི་གཏན་འཇགས་ཚོགས་མི་ཡིན།,3.948,46,transcribing,1,3418455
STT_AM_AB1685_0071_519949_to_527256,https://monlam-ai-stt.s3.amazonaws.com/STT_AM_AB1685_0071_519949_to_527256.wav,༢༽བོད་ཀྱི་ཆོས་བརྒྱུད་ཆེན་པོ་བཞི་དང་གཡུང་དྲུང་བོན་བཅས་པའི་དབུ་ཁྲིད་ངོ་མ་ཚོགས་ཕེབས་མ་ཐུབ་སྐབས་དམིགས་བསལ་འགན་དབང་,7.307,110,transcribing,1,3418456
STT_AM_AB1685_0072_529180_to_531390,https://monlam-ai-stt.s3.amazonaws.com/STT_AM_AB1685_0072_529180_to_531390.wav,བསྐུར་བའི་སྐུ་ཚབ་གཏོང་གནང་ཆོག་པ་དང་།དེ་དག་,2.21,42,transcribing,1,3418457
STT_AM_AB1685_0073_533955_to_537263,https://monlam-ai-stt.s3.amazonaws.com/STT_AM_AB1685_0073_533955_to_537263.wav,ཚོགས་དུས་གཅིག་གི་དུས་ཡུན་ནམ།ཡང་ན་ཚོགས་དུས་གཅིག་གི་ཆ་ཤས་ཚོགས་ཐེངས་གང་འོས་རིང་ཚོགས་,3.308,81,transcribing,1,3418458
STT_AM_AB1685_0074_541819_to_544941,https://monlam-ai-stt.s3.amazonaws.com/STT_AM_AB1685_0074_541819_to_544941.wav,མི་ཡིན།ཚོགས་དུས་རེ་རེ་བཞིན་འགན་དབང་བསྐུར་བའི་སྐུ་ཚབ,3.122,51,transcribing,1,3418459
STT_AM_AB1685_0075_545025_to_547827,https://monlam-ai-stt.s3.amazonaws.com/STT_AM_AB1685_0075_545025_to_547827.wav,་གསར་བསྐོ་དགོས་པ་དང།གང་ཟག་གཅིག་ལ་ཡང་ཡང་བསྐོ་གཞག་གནང་བར་དགག་བྱ་མེད།,2.802,66,transcribing,1,3418460
STT_AM_AB1685_0076_551033_to_554594,https://monlam-ai-stt.s3.amazonaws.com/STT_AM_AB1685_0076_551033_to_554594.wav,༣༽༸གོང་ས་མཆོག་གི་ཐད་བསྐོས་ཚོགས་མི་ལོ་གསུམ་རེ་ནས,3.561,47,transcribing,1,3418461
STT_AM_AB1685_0077_556990_to_560044,https://monlam-ai-stt.s3.amazonaws.com/STT_AM_AB1685_0077_556990_to_560044.wav,་འཕོས་རྒྱུ་དང་།བསྐྱར་དུ་ཐད་བསྐོས་གནང་བར་དགག་བྱ་མེད།༤༽ཆོས་རིག་བཀའ་བློན་བཀའ་བློན་གྱི་ལས་རྒྱུན་བར་དུ་ཡིན།,3.054,102,transcribing,1,3418462
STT_AM_AB1685_0078_568820_to_572052,https://monlam-ai-stt.s3.amazonaws.com/STT_AM_AB1685_0078_568820_to_572052.wav,དོན་ཚན་བརྒྱད་པ།ཆོས་དོན་ལྷན་ཚོགས་ཀྱི་ཚོགས་གཙོ།༡༽བོད་ཀྱི་ཆོས་བརྒྱུད་ཆེན་པོ་བཞི་དང་གཡུང་དྲུང་བོོན་བཅས་ཀྱི་དབུ་ཁྲིད་རྣམས་,3.232,117,transcribing,1,3418463
STT_AM_AB1685_0079_572532_to_575156,https://monlam-ai-stt.s3.amazonaws.com/STT_AM_AB1685_0079_572532_to_575156.wav,རེས་མོས་ཀྱིས་ཆོས་དོན་ལྷན་ཚོགས་ཀྱི་ཚོགས་གཙོ་དང་།,2.624,47,transcribing,1,3418464
STT_AM_AB1685_0080_576660_to_581204,https://monlam-ai-stt.s3.amazonaws.com/STT_AM_AB1685_0080_576660_to_581204.wav,ཚོགས་གཞོན་གནང་རྒྱུ།དེ་ཡང་དུས་ཡུན་ལོ་གསུམ་རིང་གནང་རྒྱུ་དང་།སྔ་རྗེས་ཀྱི་གོ་རིམ་,4.544,77,transcribing,1,3418465
STT_AM_AB1685_0081_581556_to_583956,https://monlam-ai-stt.s3.amazonaws.com/STT_AM_AB1685_0081_581556_to_583956.wav,ཟན་སྒྲིལ་གྱི་ལམ་ནས་ཐག་གཅོད་བྱ་རྒྱུ།,2.4,35,transcribing,1,3418466
STT_AM_AB1685_0082_586724_to_591044,https://monlam-ai-stt.s3.amazonaws.com/STT_AM_AB1685_0082_586724_to_591044.wav,༢༽ཚོགས་གཙོ་ཚོགས་ཕེབས་མ་ཐུབ་སྐབས་ཚོགས་གཞོན་གྱིས་ཚོགས་འདུའི་གཙོ་སྐྱོང་གནང་རྒྱུ།,4.32,77,transcribing,1,3418467
STT_AM_AB1685_0083_593220_to_598924,https://monlam-ai-stt.s3.amazonaws.com/STT_AM_AB1685_0083_593220_to_598924.wav,༣༽ཚོགས་གཙོ་ཚོགས་གཞོན་སུའང་ཚོགས་ཕེབས་མ་ཐུབ་སྐབས་བོད་ཀྱི་ཆོས་བརྒྱུད་ཆེན་པོ་བཞི་དང་གཡུང་དྲུང་བོོན་བཅས་ཀྱི་དབུ་ཁྲི,5.704,110,transcribing,1,3418468
STT_AM_AB1685_0084_599937_to_604257,https://monlam-ai-stt.s3.amazonaws.com/STT_AM_AB1685_0084_599937_to_604257.wav,ད་དགུང་ན་བགྲེས་པ་སུ་ཡིན་དེས་ཚོགས་གཙོ་གནང་རྒྱུ།,4.32,46,transcribing,1,3418469
STT_AM_AB1685_0085_604527_to_608762,https://monlam-ai-stt.s3.amazonaws.com/STT_AM_AB1685_0085_604527_to_608762.wav,༤༽བོད་ཀྱི་ཆོས་བརྒྱུད་ཆེན་པོ་བཞི་དང་གཡུང་དྲུང་བོོན་བཅས་ཀྱི་དབུ་ཁྲིད་སུའང་,4.235,72,transcribing,1,3418470
STT_AM_AB1685_0086_610770_to_612978,https://monlam-ai-stt.s3.amazonaws.com/STT_AM_AB1685_0086_610770_to_612978.wav,ཚོགས་ཕེབས་མ་ཐུབ་པར་སྐུ་ཚབ་རྐྱང་པ་འཁེལ་ཚེ་ཚོགས་གཙོ་ཚོགས་གཞོན་སུ་ཡིན་གྱི་སྐུ་ཚབ་དེས་ཚོགས་གཙོ་ཚོགས་གཞོན་གནང་རྒྱུ།དོན་ཚན་དགུ་པ།,2.208,123,transcribing,1,3418471
STT_AM_AB1685_0087_623950_to_628641,https://monlam-ai-stt.s3.amazonaws.com/STT_AM_AB1685_0087_623950_to_628641.wav,ཆོས་དོན་ལྷན་ཚོགས་ཀྱི་རྒྱུན་ལས།ཆོས་དོན་ལྷན་ཚོགས་ཀྱི་རྒྱུན་ལས་ཤིག་དགོས་པའི་གྲུབ་ཆ་གཤམ་གསལ།,4.691,88,transcribing,1,3418472
STT_AM_AB1685_0088_629181_to_634784,https://monlam-ai-stt.s3.amazonaws.com/STT_AM_AB1685_0088_629181_to_634784.wav,ཀ༽བོད་ཀྱི་ཆོས་བརྒྱུད་ཆེན་པོ་བཞི་དང་གཡུང་དྲུང་བོོན་བཅས་ཀྱི་དབུ་ཁྲིད་རྣམ་པའི་སྐུ་ཚབ་རེ།,5.603,85,transcribing,1,3418473
STT_AM_AB1685_0089_635172_to_637197,https://monlam-ai-stt.s3.amazonaws.com/STT_AM_AB1685_0089_635172_to_637197.wav,ཁ༽བཙན་བྱོལ་བོད་གཞུང་གི་ཆོས་རིག་བཀའ་བློན་བཅས།,2.025,44,transcribing,1,3418474
STT_AM_AB1685_0090_639340_to_641550,https://monlam-ai-stt.s3.amazonaws.com/STT_AM_AB1685_0090_639340_to_641550.wav,དོན་ཚན་བཅུ་པ།རྒྱུན་ལས་ཀྱི་ལས་ཡུན།,2.21,33,transcribing,1,3418475
STT_AM_AB1685_0091_642122_to_645514,https://monlam-ai-stt.s3.amazonaws.com/STT_AM_AB1685_0091_642122_to_645514.wav,༡༽བོད་ཀྱི་ཆོས་བརྒྱུད་ཆེན་པོ་བཞི་དང་གཡུང་དྲུང་བོོན་བཅས་ཀྱི་དབུ་ཁྲིད་རྣམ་པའི་སྐུ་ཚབ་རྒྱུན་ལས་སོ་སོའི་,3.392,99,transcribing,1,3418476
STT_AM_AB1685_0092_654173_to_658544,https://monlam-ai-stt.s3.amazonaws.com/STT_AM_AB1685_0092_654173_to_658544.wav,དུས་ཡུན་ལོ་གསུམ་རེ་ཡིན།ལོ་གསུམ་རྗེས་མི་འགྲོ་སུའང་བསྐྱར་དུ་བསྐོ་གཞག་གནང་བར་དགག་བྱ་མེད།,4.371,85,transcribing,1,3418477
STT_AM_AB1685_0093_663066_to_666171,https://monlam-ai-stt.s3.amazonaws.com/STT_AM_AB1685_0093_663066_to_666171.wav,༢༽ཆོས་རིག་བཀའ་བློན་བཀའ་བློན་གྱི་ལས་རྒྱུན་བར་དུ་ཡིན།ལེའུ་གསུམ་པ།ཆོས་དོན་ལྷན་ཚོགས་ཀྱི་ཚོགས་འདུ།དོན་,3.105,97,transcribing,1,3418478
STT_AM_AB1685_0094_671790_to_678743,https://monlam-ai-stt.s3.amazonaws.com/STT_AM_AB1685_0094_671790_to_678743.wav,ཚན་བཅུ་གཅིག་པ།འཆར་ཅན་ཚོགས་འདུ།༡༽ཆོས་དོན་ལྷན་ཚོགས་ཀྱི་འཆར་ཅན་ཚོགས་འདུ་ལོ་རེའི་ནང་ཐེངས་རེ་ངེས་པར་དུ་འཚོགས་དགོས་ཤིང་།ཚོགས་དུས་སྔ་རྗེས་བར་,6.953,134,transcribing,1,3418479
STT_AM_AB1685_0095_680633_to_684413,https://monlam-ai-stt.s3.amazonaws.com/STT_AM_AB1685_0095_680633_to_684413.wav,ཟླ་གྲངས་བཅུ་གཉིས་ལས་མ་བརྒལ་བ་དགོས།༢༽ཚོགས་དུས་སོ་སོའི་འགོ་འཛུགས,3.78,62,transcribing,1,3418480
STT_AM_AB1685_0096_686151_to_692547,https://monlam-ai-stt.s3.amazonaws.com/STT_AM_AB1685_0096_686151_to_692547.wav,་ཚོགས་ཚེས་ཀྱི་ཟླ་བ་གསུམ་གྱི་སྔོན་ཚོགས་ཚེས་དང་།ཚོགས་ཡུལ།ཚོགས་འདུའི་ཉིན་གྲངས།,6.396,75,transcribing,1,3418481
STT_AM_AB1685_0097_692580_to_694859,https://monlam-ai-stt.s3.amazonaws.com/STT_AM_AB1685_0097_692580_to_694859.wav,གྲོས་གཞི་ཇི་ཡོད་བཅས་འཁོད་པའི,2.279,28,transcribing,1,3418482
STT_AM_AB1685_0098_695618_to_702975,https://monlam-ai-stt.s3.amazonaws.com/STT_AM_AB1685_0098_695618_to_702975.wav,་ཚོགས་བརྡ་ཚོགས་འཐུས་ཡོངས་ལ་ཆོས་དོན་རྒྱུན་ལས་ནས་གཏོང་དགོས།དོན་ཚན་བཅུ་གཉིས་པ།དམིགས་བསལ་ཚོགས་འདུ,7.357,93,transcribing,1,3418483
STT_AM_AB1685_0099_703684_to_709219,https://monlam-ai-stt.s3.amazonaws.com/STT_AM_AB1685_0099_703684_to_709219.wav,།༡༽ལས་དོན་གལ་ཆེའི་ཆེད་དམིགས་བསལ་ཚོགས་འདུ་བསྡུ་བསྐོང་བྱ་དགོས་བྱུང་ཚེ་ཆོས་དོན་རྒྱུན་ལས་ནས་ཉིན་གྲངས་བཅུ་ལས་མ་ཉུང་བའི་སྔོན་བརྡའི་ཐོག་བསྡུ་བསྐོང་བྱ,5.535,142,transcribing,1,3418484
STT_AM_AB1685_0100_718652_to_721404,https://monlam-ai-stt.s3.amazonaws.com/STT_AM_AB1685_0100_718652_to_721404.wav,ེད་ཆོག༢༽ཆོས་དོན་ལྷན་ཚོགས་ཀྱི་ཚོགས་མི་སུས་ཀྱང་དམིགས་བསལ,2.752,54,transcribing,1,3418485
STT_AM_AB1685_0101_723260_to_725500,https://monlam-ai-stt.s3.amazonaws.com/STT_AM_AB1685_0101_723260_to_725500.wav,་ཚོགས་བསྐོང་དགོས་པའི་རེ་འདུན་བཏོན་ན་ཚོགས་གཙོའི་བཀའ་འཁྲོལ་དང་འབྲེལ་དམིགས་བསལ་ཚོགས་འདུ་བསྡུ་བསྐོང་བྱེད་ཆོགདོན་ཚན་བཅུ་གསུམ་པ།,2.24,122,transcribing,1,3418486
STT_AM_AB1685_0102_736877_to_741855,https://monlam-ai-stt.s3.amazonaws.com/STT_AM_AB1685_0102_736877_to_741855.wav,ཆོས་ཚོགས།ཆོས་དོན་ལྷན་ཚོགས་ནས་དགོས་གལ་ནམ་གཟིགས་སུ་བོད་ཀྱི་ཆོས་བརྒྱུད་ཆེན་པོ་བཞི་དང་གཡུང་དྲུང་བོན་བཅས་སོ་སོའི་མཁན་,4.978,112,transcribing,1,3418487
STT_AM_AB1685_0103_746732_to_749095,https://monlam-ai-stt.s3.amazonaws.com/STT_AM_AB1685_0103_746732_to_749095.wav,བླ་དང་།མཁས་དབང་།གནད་ཡོད་མི་སྣ་ཁ,2.363,31,transcribing,1,3418488
STT_AM_AB1685_0104_752318_to_757583,https://monlam-ai-stt.s3.amazonaws.com/STT_AM_AB1685_0104_752318_to_757583.wav,ག་སྐབས་བསྟུན་གདན་ཞུས་ཀྱིས་ཆོས་ཚོགས་རྒྱས་བསྡུས་ཅི་རིགས་ཚོགས་བསྐོང་གནང་ཆོག,5.265,72,transcribing,1,3418489
STT_AM_AB1685_0105_766194_to_768562,https://monlam-ai-stt.s3.amazonaws.com/STT_AM_AB1685_0105_766194_to_768562.wav,ལེའུ་བཞི་པ།ཆོས་དོན་ལྷན་ཚོགས་ཀྱི་འགན་དབང་།དོན་ཚན་བཅུ་བཞི་པ།འགན་དབང་།ཆོས་དོན་ལྷན་ཚོགས་ཀྱི་འགན་དབང་ཁག་གཤམ་གསལ།,2.368,107,transcribing,1,3418490
STT_AM_AB1685_0106_768882_to_771488,https://monlam-ai-stt.s3.amazonaws.com/STT_AM_AB1685_0106_768882_to_771488.wav,༡༽བོད་ཀྱི་ཆོས་བརྒྱུད་ཆེན་པོ་བཞི་དང་གཡུང་དྲུང་བོོན་བཅས་ཀྱི་,2.606,58,transcribing,1,3418491
STT_AM_AB1685_0107_771825_to_779622,https://monlam-ai-stt.s3.amazonaws.com/STT_AM_AB1685_0107_771825_to_779622.wav,ལུང་རྟོགས་ཀྱི་བསྟན་པ་ཉམས་མེད་རྒྱུན་འཛིན་དང་།ཉམས་པ་སོར་ཆུད་སླད་བསྟན་རྩ་ཆོས་སྡེ་ཁག་གི་བླང་དོར་,7.797,92,transcribing,1,3418492
STT_AM_AB1685_0108_782204_to_786000,https://monlam-ai-stt.s3.amazonaws.com/STT_AM_AB1685_0108_782204_to_786000.wav,ཁྲིམས་སྒྲིག་གཏན་འབེབས་དང་།ཁྲིམས་སྒྲིག་སྲུང་བརྩི་ཡོང་ཐབས་སུ་གཟིགས་རྟོག་བཏང་འཛིན་གནང་རྒྱུ།༢༽ཀློག,3.796,94,transcribing,1,3418493
STT_AM_AB1685_0109_788093_to_792177,https://monlam-ai-stt.s3.amazonaws.com/STT_AM_AB1685_0109_788093_to_792177.wav,་པ་ཐོས་བསམ་གྱི་འཁོར་ལོ་དང་།སྤོང་བ་བསམ་གཏན་གྱི་འཁོར་ལོ་གོང་འཕེལ་འབྱུང་ཆེད་ལམ་སྟོན་བཏང་འཛིན་གནང་རྒྱུ།,4.084,99,transcribing,1,3418494
STT_AM_AB1685_0110_795467_to_798690,https://monlam-ai-stt.s3.amazonaws.com/STT_AM_AB1685_0110_795467_to_798690.wav,༣༽བོད་ཀྱི་ཆོས་བརྒྱུད་ཆེན་པོ་བཞི་དང་གཡུང་དྲུང་བོོན་བཅས་རང་རང་གི་,3.223,63,transcribing,1,3418495
STT_AM_AB1685_0111_801593_to_805440,https://monlam-ai-stt.s3.amazonaws.com/STT_AM_AB1685_0111_801593_to_805440.wav,དབང་ལུང་མན་ངག་དང་།བཤད་སྒྲུབ་ཀྱི་རྒྱུན་ཇི་ཡོད་མི་ཉམས་གོང་འཕེལ་དང་།ཉམས་པ་སོར་ཆུད་ཡོང་ཐབས་གནང་རྒྱུ།,3.847,96,transcribing,1,3418496
STT_AM_AB1685_0112_809609_to_813068,https://monlam-ai-stt.s3.amazonaws.com/STT_AM_AB1685_0112_809609_to_813068.wav,༤༽བོད་ཀྱི་ཆོས་བརྒྱུད་ཆེན་པོ་བཞི་དང་གཡུང་དྲུང་བོོན་བཅས་རང་རང་གི་,3.459,63,transcribing,1,3418497
STT_AM_AB1685_0113_813507_to_816359,https://monlam-ai-stt.s3.amazonaws.com/STT_AM_AB1685_0113_813507_to_816359.wav,གཞུང་ལུགས་ཀྱི་ཕྱག་དཔེ་སྤྱི་དང་།ཁྱད་པར་དཔེ་རྒྱུན་དཀོན་རིགས་རྣམས་མི་ཉམས་རྒྱུན་འཛིན་གྱི་ཞུ་སྒྲིག་དང་།,2.852,98,transcribing,1,3418498
STT_AM_AB1685_0114_824181_to_826293,https://monlam-ai-stt.s3.amazonaws.com/STT_AM_AB1685_0114_824181_to_826293.wav,པར་སྐྲུན།དེ་བཞིན་གཞུང་ལུགས་གསར་རྩོམ་རྣམས་ལ་བསྐྱར་ཞིབ་ཀྱིས་ངོས་བཞེས་གནང་ཕྱོགས་བཅས་ལ་དོ་དམ་,2.112,89,transcribing,1,3418499
STT_AM_AB1685_0115_826709_to_829461,https://monlam-ai-stt.s3.amazonaws.com/STT_AM_AB1685_0115_826709_to_829461.wav,བཏང་འཛིན་གནང་རྒྱུ།༥༽བོད་ཀྱི་ཆོས་བརྒྱུད་ཆེན་པོ་བཞི་དང་,2.752,53,transcribing,1,3418500
STT_AM_AB1685_0116_829813_to_832501,https://monlam-ai-stt.s3.amazonaws.com/STT_AM_AB1685_0116_829813_to_832501.wav,གཡུང་དྲུང་བོོན་བཅས་རང་རང་གི་སྲོལ་རྒྱུན་དང་མཐུན་པའི་,2.688,51,transcribing,1,3418501
STT_AM_AB1685_0117_836322_to_839579,https://monlam-ai-stt.s3.amazonaws.com/STT_AM_AB1685_0117_836322_to_839579.wav,གཞུང་ཆེན་སློབ་གཉེར་དང་།རྒྱུགས་སྤྲོད།མིང་རྟགས་ལག་འཁྱེར་སྤྲོད་ཕྱོགས་ཀྱི་སྒྲིག་སྲོལ་གཏན་འབེབས་དང་,3.257,94,transcribing,1,3418502
STT_AM_AB1685_0118_840017_to_844253,https://monlam-ai-stt.s3.amazonaws.com/STT_AM_AB1685_0118_840017_to_844253.wav,བཏང་འཛིན་གནང་རྒྱུ།༦༽བོད་ཀྱི་ཆོས་བརྒྱུད་ཆེན་པོ་བཞི་དང་གཡུང་དྲུང་བོོན་བཅས་སོ་སོའི་,4.236,80,transcribing,1,3418503
STT_AM_AB1685_0119_844675_to_851644,https://monlam-ai-stt.s3.amazonaws.com/STT_AM_AB1685_0119_844675_to_851644.wav,མཁན་སློབ་དང་།ལས་སྣེ་བཀོད་སྒྲིག་གནང་ཕྱོགས་ཀྱི་སྒྲིག་སྲོལ་གཏན་འབེབས་གནང་རྒྱུ།༧༽བོད་ཀྱི་ཆོས་བརྒྱུད་ཆེན་པོ་བཞི་དང་,6.969,110,transcribing,1,3418504
STT_AM_AB1685_0120_866240_to_869024,https://monlam-ai-stt.s3.amazonaws.com/STT_AM_AB1685_0120_866240_to_869024.wav,གཡུང་དྲུང་བོོན་བཅས་སོ་སོའི་བླ་ཆེན་ཁག་གི་ཡང་སྲིད་ངོས་འཛིན་བྱེད་ཕྱོགས་དང།བླ་སྤྲུལ་མཚན་གནས་གསར་བཞེས་གནང་མཁན་རྣམས་ལ་མཚན་གནས་གནང་ཕྱོགས་ཀྱི་སྒྲིག་སྲོལ་གཏན་འབེབས་གནང་རྒྱུ།༨༽བོད་ཀྱི་ཆོས་བརྒྱུད་ཆེན་པོ་བཞི་དང་གཡུང་དྲུང་བོོན་བཅས་སོ་སོའི་ཆོས་ཚོགས་དང་།,2.784,239,transcribing,1,3418505
STT_AM_AB1685_0121_886491_to_888702,https://monlam-ai-stt.s3.amazonaws.com/STT_AM_AB1685_0121_886491_to_888702.wav,སྒྲིག་འཛུགས་ཁག་ངོས་བཞེས་དང།ལམ་ལུགས་ལམ་སྟོན།ཁྲིམས་སྒྲིག་བཅའ་ཡིག་གཏན་འབེབས་གནང་རྒྱུས་མཚོན་སྐབས་མཚམས་གཟིགས་སྐྱོང་དང་བཏང་འཛིན་གནང་རྒྱུ།༩༽ཆོས་ལུགས་གཞན་དག་དང་མཉམ་དུ,2.211,158,transcribing,1,3418506
STT_AM_AB1685_0122_891250_to_894254,https://monlam-ai-stt.s3.amazonaws.com/STT_AM_AB1685_0122_891250_to_894254.wav,་མཐུན་འབྲེལ་དང་མཉམ་རུབ་ཀྱི་ཐོག་ནས་སྐྱེ་འགྲོའི་བདེ་སྐྱིད་སྤེལ་བའི་,3.004,65,transcribing,1,3418507
STT_AM_AB1685_0123_896464_to_899738,https://monlam-ai-stt.s3.amazonaws.com/STT_AM_AB1685_0123_896464_to_899738.wav,ཐབས་ཚུལ་གནང་རྒྱུ།༡༠༽བོད་ཀྱི་ཆོས་བརྒྱུད་ཆེན་པོ་བཞི་དང་གཡུང་དྲུང་བོོན་བཅས་ཕན་ཚུན་དབར་དང་།,3.274,87,transcribing,1,3418508
STT_AM_AB1685_0124_903646_to_905790,https://monlam-ai-stt.s3.amazonaws.com/STT_AM_AB1685_0124_903646_to_905790.wav,རང་ཁོངས་སུ་རྩོད་རྙོག་འགལ་ཟླ་བྱུང་རིགས་རྩོད་པ་ཆོས་ཕྱོགས་སུ་ཞི་བའི་,2.144,65,transcribing,1,3418509
STT_AM_AB1685_0125_908222_to_911534,https://monlam-ai-stt.s3.amazonaws.com/STT_AM_AB1685_0125_908222_to_911534.wav,ཐབས་ཚུལ་གནང་རྒྱུ།༡༡༽མདོར་ན་བོད་ཀྱི་ཆོས་བརྒྱུད་ཆེན་པོ་བཞི་དང་གཡུང་དྲུང་བོོན་བཅས་རང་རང་གི་,3.312,88,transcribing,1,3418510
STT_AM_AB1685_0126_912057_to_916630,https://monlam-ai-stt.s3.amazonaws.com/STT_AM_AB1685_0126_912057_to_916630.wav,དྲི་མ་མེད་པའི་བསྟན་པ་རིན་པོ་ཆེ་འཛིན་སྐྱོང་སྤེལ་གསུམ་དང་འབྲེལ་བའི་ཆོས་མཐུན་གྱི་བྱ་བ་,4.573,83,transcribing,1,3418511
STT_AM_AB1685_0127_920427_to_922536,https://monlam-ai-stt.s3.amazonaws.com/STT_AM_AB1685_0127_920427_to_922536.wav,གང་དགོས་གནང་རྒྱུ།ལེའུ་ལྔ་པ།ཁྲིམས་ཡིག་བསྐྱར་བཅོས།དོན་,2.109,52,transcribing,1,3418512
STT_AM_AB1685_0128_924679_to_926873,https://monlam-ai-stt.s3.amazonaws.com/STT_AM_AB1685_0128_924679_to_926873.wav,ཚན་བཅོ་ལྔ་པ།བསྐྱར་བཅོས།ཁྲིམས་ཡིག་འདི་ལ་བསྐྱར་བཅོས་ནམ་དགོས་མཚམས་ཆོས་དོན་ལྷན་ཚོགས་ཚོགས་ཀྱི་རྒྱབ་ག,2.194,95,transcribing,1,3418513
STT_AM_AB1685_0129_931733_to_935091,https://monlam-ai-stt.s3.amazonaws.com/STT_AM_AB1685_0129_931733_to_935091.wav,ཉེར་ལྟར་བོད་མི་མང་སྤྱི་འཐུས་ལྷན་ཚོགས་ཀྱི་ངོ་ཡོད་སྤྱི་འཐུས་གསུམ་ཆ་གཉིས་,3.358,70,transcribing,1,3418514
STT_AM_AB1685_0130_938348_to_943545,https://monlam-ai-stt.s3.amazonaws.com/STT_AM_AB1685_0130_938348_to_943545.wav,ཀྱི་མོས་མཐུན་བྱུང་ན་བསྐྱར་བཅོས་ཆོག་རྒྱུ་བཅས་སོ།།།།ཆོས་ཚོགས,5.197,58,transcribing,1,3418515
STT_AM_AB1685_0131_944035_to_948456,https://monlam-ai-stt.s3.amazonaws.com/STT_AM_AB1685_0131_944035_to_948456.wav,་ཐེངས་བཅུ་པའི་ཚོགས་ཐུན་ཁག་གི་གཙོ་སྐྱོང་བ་རྣམ་པའི་མཚན,4.421,52,transcribing,1,3418516
STT_AM_AB1685_0132_953924_to_956657,https://monlam-ai-stt.s3.amazonaws.com/STT_AM_AB1685_0132_953924_to_956657.wav,།༡༽དཔལ་ས་སྐྱ་གོང་མ་རིན་པོ་ཆེ་མཆོག,2.733,33,transcribing,1,3418517
STT_AM_AB1685_0133_957670_to_959847,https://monlam-ai-stt.s3.amazonaws.com/STT_AM_AB1685_0133_957670_to_959847.wav,༢༽དཔལ་རྒྱལ་བ་ཀརྨ་པ་རིན་པོ་ཆེ་མཆོག,2.177,33,transcribing,1,3418518
STT_AM_AB1685_0134_960285_to_962496,https://monlam-ai-stt.s3.amazonaws.com/STT_AM_AB1685_0134_960285_to_962496.wav,༣༽སྨན་རི་ཁྲི་འཛིན་རིན་པོ་ཆེ་མཆོག༤༽ཤར་པ་ཆོས་རྗེ་རིན་པོ་ཆེ་མཆོག,2.211,61,transcribing,1,3418519
STT_AM_AB1685_0135_966749_to_968757,https://monlam-ai-stt.s3.amazonaws.com/STT_AM_AB1685_0135_966749_to_968757.wav,༥༽པད་ནོར་རིན་པོ་ཆེའི་སྐུ་ཚབ་མཁན་པོ་པདྨ་ཤེས་རབ་མཆོག༦༽ཆེ་ཚང་རིན་པོ,2.008,64,transcribing,1,3418520
STT_AM_AB1685_0136_973836_to_976536,https://monlam-ai-stt.s3.amazonaws.com/STT_AM_AB1685_0136_973836_to_976536.wav,་ཆེའི་སྐུ་ཚབ་རྒྱལ་ར་ཁྲི་ཚབ་རིན་པོ་ཆེ་མཆོག,2.7,41,transcribing,1,3418521
STT_AM_AB1685_0137_976823_to_982999,https://monlam-ai-stt.s3.amazonaws.com/STT_AM_AB1685_0137_976823_to_982999.wav,༧༽འབྲུག་ཆེན་རིན་པོ་ཆེའི་སྐུ་ཚབ་མཁན་པོ་འཇིགས་མེད་རྡོ་རྗེ།༨༽ཆོས་རིག་བཀའ་བློན་ཚེ་རིང་ཕུན་ཚོགས་མཆོག,6.176,95,transcribing,1,3418522
STT_AM_AB1685_0138_983759_to_991352,https://monlam-ai-stt.s3.amazonaws.com/STT_AM_AB1685_0138_983759_to_991352.wav,བོད་ཀྱི་ཆོས་བརྒྱུད་ཆེན་པོ་བཞི་དང་གཡུང་དྲུང་བོོན་བཅས་ཀྱི་ཆོས་ཚོགས་ཐེངས་བཅུ་པར་ཕེབས་པའི་ཚོགས་མི་རྣམ་པའི་མཚན་གཞུང་།,7.593,112,transcribing,1,3418523
STT_AM_AB1685_0139_994424_to_996938,https://monlam-ai-stt.s3.amazonaws.com/STT_AM_AB1685_0139_994424_to_996938.wav,ཀ༽རྙིང་མ།༡༽གྲུབ་དབང་པད་ནོར་རིན་པོ་ཆེའི་སྐུ་ཚབ་མཁན་པོ་པདྨ་ཤེས་རབ།,2.514,64,transcribing,1,3418524
STT_AM_AB1685_0140_1003249_to_1006320,https://monlam-ai-stt.s3.amazonaws.com/STT_AM_AB1685_0140_1003249_to_1006320.wav,༢༽འཁྲུལ་ཞིག་རིན་པོ་ཆེའི་སྐུ་ཚབ་སློབ་དཔོན་ངག་དབང་ཆོས་དཔལ།༣༽སྟག་ལུང་,3.071,66,transcribing,1,3418525
STT_AM_AB1685_0141_1008717_to_1013239,https://monlam-ai-stt.s3.amazonaws.com/STT_AM_AB1685_0141_1008717_to_1013239.wav,རྩེ་སྤྲུལ་རིན་པོ་ཆེའི་སྐུ་ཚབ་བཤད་སྒྲུབ་ཡོན་ཏན།༤༽ཞེ་ཆེན,4.522,54,transcribing,1,3418526
STT_AM_AB1685_0142_1013543_to_1016800,https://monlam-ai-stt.s3.amazonaws.com/STT_AM_AB1685_0142_1013543_to_1016800.wav,་རབ་འབྱམས་རིན་པོ་ཆེའི་སྐུ་ཚབ་མཁན་པོ་འགྱུར་མེད་ཚུལ་ཁྲིམས།,3.257,56,transcribing,1,3418527
STT_AM_AB1685_0143_1038552_to_1041437,https://monlam-ai-stt.s3.amazonaws.com/STT_AM_AB1685_0143_1038552_to_1041437.wav,༥༽རྫོགས་ཆེན་རིན་པོ་ཆེའི་སྐུ་ཚབ་མཁན་པོ་འཇམ་དཔལ་བསྟན་འཛིན།༦༽རི་མགོ་སྤྲུལ་སྐུ་རིན་པོ་ཆེ།༧༽སྤྲུལ་སྐུ་ཨོ་རྒྱན་སྟོབས་རྒྱལ།ཁ༽བཀའ་བརྒྱུད།༡༽རྒྱལ་བ་ཀརྨ་པ་རིན་པོ་ཆེ།༢༽འབྲི་གུང་ཆེ་ཚང་རིན་པོ་ཆེའི་སྐུ་ཚབ་རྒྱལ་ར་ཁྲི་ཚབ་རིན་པོ་ཆེ།༣༽འབྲུག་ཆེན་རིན་པོ་ཆེའི་སྐུ་ཚབ་མཁན་པོ་འཇིགས་མེད་རྡོ་རྗེ།༤༽སྟག་ལུང་ཞབས་དྲུང་རིན་པོ་ཆེ།,2.885,299,transcribing,1,3418528
STT_AM_AB1685_0144_1044188_to_1046466,https://monlam-ai-stt.s3.amazonaws.com/STT_AM_AB1685_0144_1044188_to_1046466.wav,༥༽རྒྱལ་ཚབ་རིན་པོ་ཆེའི་སྐུ་ཚབ་མཁན་པོ་དགའ་དབང་།,2.278,45,transcribing,1,3418529
STT_AM_AB1685_0145_1047968_to_1050364,https://monlam-ai-stt.s3.amazonaws.com/STT_AM_AB1685_0145_1047968_to_1050364.wav,༦༽སི་ཏུ་རིན་པོ་ཆེའི་སྐུ་ཚབ་མཁན་པོ་པདྨ།,2.396,38,transcribing,1,3418530
STT_AM_AB1685_0146_1078832_to_1081600,https://monlam-ai-stt.s3.amazonaws.com/STT_AM_AB1685_0146_1078832_to_1081600.wav,༧༽རྡོ་རྫོང་རིན་པོ་ཆེ།༨༽ཁྲ་འགུ་རིན་པོ་ཆེའི་སྐུ་ཚབ་སྤྲུལ་སྐུ་དམ་ཆོས།༩༽འབོ་དཀར་མཁན་པོ་བློ་གྲོས་དོན་ཡོད།༡༠༽འབྲི་གུང་མཁན་པོ་དཀོན་མཆོག་སྨོན་ལམ།༡༡༽རུམ་གཏེགས་བཤད་གྲྭའི་མཁན་པོ་སྐལ་བཟང་ཉི་མ།ག༽ས་སྐྱ།༡༽ས་སྐྱ་བདག་ཁྲི་རིན་པོ་ཆེ།,2.768,214,transcribing,1,3418531
STT_AM_AB1685_0147_1085177_to_1087979,https://monlam-ai-stt.s3.amazonaws.com/STT_AM_AB1685_0147_1085177_to_1087979.wav,༢༽ངོར་ཀླུ་ལྡིང་མཁན་པོའི་སྐུ་ཚབ་མཁན་པོ་བཀྲ་ཤིས་རྡོ་རྗེ།༣༽རྫོང་གསར་མཁྱེན་བརྩེ་རིན་པོ་ཆེའི་སྐུ་ཚབ་མཁན་པོ་རྒྱལ་མཚན་ཆོས་གྲགས།༤༽གོང་དཀར་སྤྲུལ་སྐུ་རྡོ་རྗེ་གདན་པའི་སྐུ་ཚབ་སློབ་དཔོན,2.802,172,transcribing,1,3418532
STT_AM_AB1685_0148_1090476_to_1092670,https://monlam-ai-stt.s3.amazonaws.com/STT_AM_AB1685_0148_1090476_to_1092670.wav,་བློ་གསལ་དོན་གྲུབ།༥༽ས་སྐྱ་མཐོ་སློབ་མཁན་པོ་འཇམ་དབྱངས་སྦྱིན་པ།༦༽མཁན་པོ་འཇམ་དབྱངས་བསྟན་འཛིན།༧༽ས་སྐྱ་ཆོས་སྒར་འགན་འཛིན་སློབ་དཔ,2.194,121,transcribing,1,3418533
STT_AM_AB1685_0149_1101158_to_1104617,https://monlam-ai-stt.s3.amazonaws.com/STT_AM_AB1685_0149_1101158_to_1104617.wav,ོན་འཇམ་དབྱངས་ལེགས་བཤད།༨༽ས་སྐྱ་མ་དགོན་བཤད་གྲྭའི་སློབ་དཔོན་ཐུབ་བསྟན་རྒྱལ་མཚན།,3.459,75,transcribing,1,3418534
STT_AM_AB1685_0150_1106912_to_1109511,https://monlam-ai-stt.s3.amazonaws.com/STT_AM_AB1685_0150_1106912_to_1109511.wav,༩༽རིམ་སྦིག་བཤད་གྲྭའི་མཁན་པོ་ངག་དབང་རྒྱ་མཚོ།,2.599,43,transcribing,1,3418535
STT_AM_AB1685_0151_1131786_to_1134064,https://monlam-ai-stt.s3.amazonaws.com/STT_AM_AB1685_0151_1131786_to_1134064.wav,ང༽དགེ་ལུགས།༡༽ཤར་པ་ཆོས་རྗེ་བློ་བཟང་བསྟན་འཛིན།༢༽གླིང་མཆོག་སྤྲུལ་རིན་པོ་ཆེ།༣༽དགའ་ཤར་མཁན་པོ་གྲགས་པ་བསྟན་འཛིན།༤༽དགའ་བྱང་མཁན་པོ་བསོད་ནམས་ཆོས་འཕེལ།༥༽འབྲས་བློ་གླིང་མཁན་པོ་བྲག་གཡབ་རྟོགས་ལྡན་སྤྲུལ་སྐུ།༦༽འབྲས་སྒོ་མང་མཁན་པོ་བློ་བཟང་བསམ་གཏན།,2.278,228,transcribing,1,3418536
STT_AM_AB1685_0152_1134739_to_1137524,https://monlam-ai-stt.s3.amazonaws.com/STT_AM_AB1685_0152_1134739_to_1137524.wav,༧༽སེར་བྱེས་མཁན་པོ་བློ་བཟང་དཔལ་ལྡན།,2.785,34,transcribing,1,3418537
STT_AM_AB1685_0153_1139110_to_1143059,https://monlam-ai-stt.s3.amazonaws.com/STT_AM_AB1685_0153_1139110_to_1143059.wav,༨༽སེར་སྨད་མཁན་པོ་བློ་བཟང་དཔལ་ལྡན།༩༽བཀྲ་ཤིས་ལྷུན་པོའི་,3.949,53,transcribing,1,3418538
STT_AM_AB1685_0154_1151918_to_1154871,https://monlam-ai-stt.s3.amazonaws.com/STT_AM_AB1685_0154_1151918_to_1154871.wav,མཁན་པོ་བཀའ་ཆེན་བློ་བཟང་ཚེ་བརྟན།༡༠༽རྭ་སྟོད་མཁན་པོ་ཚུལ་ཁྲིམས་ཕུན་ཚོགས།༡༡༽རྒྱུད་སྨད་མཁན་པོ་ཨ་ལགས་ཡོངས་འཛིན་སྤྲུལ་སྐུ།༡༢༽རྒྱུད་སྟོད་མཁན་པོ་བསོད་ནམས་དཔལ་བཟང་།,2.953,153,transcribing,1,3418539
STT_AM_AB1685_0155_1155580_to_1158060,https://monlam-ai-stt.s3.amazonaws.com/STT_AM_AB1685_0155_1155580_to_1158060.wav,༡༣༽རྣམ་གྲྭ་མཁན་པོ་བསོད་ནམས་སངས་རྒྱས།,2.48,36,transcribing,1,3418540
STT_AM_AB1685_0156_1158432_to_1165097,https://monlam-ai-stt.s3.amazonaws.com/STT_AM_AB1685_0156_1158432_to_1165097.wav,༡༤༽རིགས་སློབ་འགན་འཛིན་དགེ་བཤེས་དམ་ཆོས་རྒྱལ་མཙན།ཅ༽བོན་པོ།༡༽སྨན་རི་ཁྲི་འཛིན་རིན་པོ་ཆེ།,6.665,84,transcribing,1,3418541
STT_AM_AB1685_0157_1166059_to_1171915,https://monlam-ai-stt.s3.amazonaws.com/STT_AM_AB1685_0157_1166059_to_1171915.wav,༢༽སློབ་དཔོན་བསྟན་འཛིན་རྣམ་དག་རིན་པོ་ཆེའི་སྐུ་ཚབ་དགེ་བཤེས་བཤད་སྒྲུབ་རྒྱ་མཚོ།༣༽དགེ་བཤེས་གཤེན་བསྟན་རབ་གསལ།༤༽དགེ་བཤེས་ཉི་མ་དོན་གྲུབ།༥༽བླ་ཁྲི་མཁན་པོ་ཉི་མ་གྲགས་པ།༦༽དགེ་བཤེས་ལུང་རིགས་ཉི་མ།༧༽དགེ་བཤེས་དགེ་ལེགས་རྒྱ་མཚོ།,5.856,209,transcribing,1,3418542
STT_AM_AB1685_0158_1173670_to_1177163,https://monlam-ai-stt.s3.amazonaws.com/STT_AM_AB1685_0158_1173670_to_1177163.wav,༨༽དགེ་བཤེས་འོད་ཟེར་རྒྱལ་མཚན།༩༽དགེ་བཤེས་བསྟན་འཛིན་ཡེ་ཤེས།༡༠༽དགེ་བཤེས་ལྷུན་གྲུབ་རྒྱལ་མཚན།༡༡༽དགེ་བཤེས་ཤེས་རབ་རིན་ཆེན།༡༢༽དགེ་བཤེས་ལྷུན་གྲུབ་,3.493,136,transcribing,1,3418543
STT_AM_AB1685_0159_1194865_to_1200332,https://monlam-ai-stt.s3.amazonaws.com/STT_AM_AB1685_0159_1194865_to_1200332.wav,རྒྱ་མཚོ།༡༣༽བསོད་ནམས་རྒྱ་མཚོ།ཆ༽ཆོས་བརྒྱུད་སྤྱི་འཐུས་རྒྱུན་ལས་རྣམ་པ།༡༽རྙིང་མའི་སྤྱི་འཐུས་བསོད་ནམས་བསྟན་འཕེལ།,5.467,106,transcribing,1,3418544
STT_AM_AB1685_0160_1200872_to_1205682,https://monlam-ai-stt.s3.amazonaws.com/STT_AM_AB1685_0160_1200872_to_1205682.wav,༢༽བཀའ་བརྒྱུད་སྤྱི་འཐུས་བསོད་ནམས་དགྲ་འདུལ།༣༽ས་སྐྱའི་སྤྱི་འཐུས་དགེ་བཤེས་ཚེ་རིང་,4.81,77,transcribing,1,3418545
STT_AM_AB1685_0161_1207285_to_1212010,https://monlam-ai-stt.s3.amazonaws.com/STT_AM_AB1685_0161_1207285_to_1212010.wav,པོ།༤༽དགེ་ལུགས་སྤྱི་འཐུས་བེ་རི་དགེ་བཤེས་འཇིགས་མེད་དབང་རྒྱལ།,4.725,58,transcribing,1,3418546
STT_AM_AB1685_0162_1212887_to_1215756,https://monlam-ai-stt.s3.amazonaws.com/STT_AM_AB1685_0162_1212887_to_1215756.wav,༥༽བོན་པོའི་སྤྱི་འཐུས་དགེ་བཤེས་སྨོན་ལམ་མཐར་ཕྱིན།,2.869,47,transcribing,1,3418547
STT_AM_AB1685_0163_1224799_to_1227295,https://monlam-ai-stt.s3.amazonaws.com/STT_AM_AB1685_0163_1224799_to_1227295.wav,ཆོས་ཚོགས་ཐེངས་བཅུ་གཅིག་པའི་གྲོས་གཞི་གྲོས་ཆོད།༄༅།།བོད་རྒྱལ་ལོ་༢༡༣༨རབ་གནས་ལྕགས་ཡོས་བོད་ཟླ་༧ཚེས་༢༥ནས་༢༧ཕྱི་,2.496,104,transcribing,1,3418548
STT_AM_AB1685_0164_1238431_to_1241599,https://monlam-ai-stt.s3.amazonaws.com/STT_AM_AB1685_0164_1238431_to_1241599.wav,ལོ་༢༠༡༡ཕྱི་ཟླ་༩ཚེས་༢༢ནས་༢༤བར་ཉིན་གསུམ་རིང་བོད་ཀྱི་ཆོས་བརྒྱུད་ཆེན་པོ་བཞི་དང༌།གཡུང་དྲུང་བོན་བཅས་ཀྱི་དབུ་ཁྲིད་བླ་ཆེན་རྣམ་པ་དང་བླ་སྤྲུལ།སྐུ་ཚབ་བཅས་འདུས་པའི་ཆོས་ཚོགས་ཐེངས་,3.168,166,transcribing,1,3418549
STT_AM_AB1685_0165_1252881_to_1255784,https://monlam-ai-stt.s3.amazonaws.com/STT_AM_AB1685_0165_1252881_to_1255784.wav,བཅུ་གཅིག་པ་བཞུགས་སྒར་དྷ་ས་སཱུརྱ་གསོལ་མགྲོན་ཁང་དུ་བསྐྱངས་པའི་གྲོས་གཞི་དང་གྲོས་ཆོད།,2.903,81,transcribing,1,3418550
